file,line,type,commit,author,date,time,timezone,datetime,depth,length
style.css,1,css,344f2f65,Tommy,2025-01-31,03:05:38,-08:00,2025-01-31T03:05:38-08:00,0,5
style.css,2,css,344f2f65,Tommy,2025-01-31,03:05:38,-08:00,2025-01-31T03:05:38-08:00,0,44
style.css,3,css,344f2f65,Tommy,2025-01-31,03:05:38,-08:00,2025-01-31T03:05:38-08:00,0,43
style.css,4,css,344f2f65,Tommy,2025-01-31,03:05:38,-08:00,2025-01-31T03:05:38-08:00,0,1
style.css,5,css,344f2f65,Tommy,2025-01-31,03:05:38,-08:00,2025-01-31T03:05:38-08:00,0,24
style.css,6,css,344f2f65,Tommy,2025-01-31,03:05:38,-08:00,2025-01-31T03:05:38-08:00,0,16
style.css,7,css,344f2f65,Tommy,2025-01-31,03:05:38,-08:00,2025-01-31T03:05:38-08:00,0,43
style.css,8,css,344f2f65,Tommy,2025-01-31,03:05:38,-08:00,2025-01-31T03:05:38-08:00,0,12
style.css,9,css,7f8369cc,Tommy,2025-01-31,13:21:54,-08:00,2025-01-31T13:21:54-08:00,0,55
style.css,10,css,7f8369cc,Tommy,2025-01-31,13:21:54,-08:00,2025-01-31T13:21:54-08:00,0,38
style.css,11,css,344f2f65,Tommy,2025-01-31,03:05:38,-08:00,2025-01-31T03:05:38-08:00,0,0
style.css,12,css,344f2f65,Tommy,2025-01-31,03:05:38,-08:00,2025-01-31T03:05:38-08:00,0,0
style.css,13,css,344f2f65,Tommy,2025-01-31,03:05:38,-08:00,2025-01-31T03:05:38-08:00,0,15
style.css,14,css,344f2f65,Tommy,2025-01-31,03:05:38,-08:00,2025-01-31T03:05:38-08:00,0,17
style.css,15,css,344f2f65,Tommy,2025-01-31,03:05:38,-08:00,2025-01-31T03:05:38-08:00,0,0
style.css,16,css,344f2f65,Tommy,2025-01-31,03:05:38,-08:00,2025-01-31T03:05:38-08:00,0,0
style.css,17,css,344f2f65,Tommy,2025-01-31,03:05:38,-08:00,2025-01-31T03:05:38-08:00,0,4
style.css,18,css,344f2f65,Tommy,2025-01-31,03:05:38,-08:00,2025-01-31T03:05:38-08:00,0,13
style.css,19,css,344f2f65,Tommy,2025-01-31,03:05:38,-08:00,2025-01-31T03:05:38-08:00,0,41
style.css,20,css,344f2f65,Tommy,2025-01-31,03:05:38,-08:00,2025-01-31T03:05:38-08:00,0,55
style.css,21,css,344f2f65,Tommy,2025-01-31,03:05:38,-08:00,2025-01-31T03:05:38-08:00,0,73
style.css,22,css,fb9d4dd3,Tommy,2025-01-31,09:45:23,-08:00,2025-01-31T09:45:23-08:00,0,73
style.css,23,css,fb9d4dd3,Tommy,2025-01-31,09:45:23,-08:00,2025-01-31T09:45:23-08:00,0,40
style.css,24,css,344f2f65,Tommy,2025-01-31,03:05:38,-08:00,2025-01-31T03:05:38-08:00,0,0
style.css,25,css,344f2f65,Tommy,2025-01-31,03:05:38,-08:00,2025-01-31T03:05:38-08:00,0,0
style.css,26,css,344f2f65,Tommy,2025-01-31,03:05:38,-08:00,2025-01-31T03:05:38-08:00,0,6
style.css,27,css,344f2f65,Tommy,2025-01-31,03:05:38,-08:00,2025-01-31T03:05:38-08:00,0,49
style.css,28,css,344f2f65,Tommy,2025-01-31,03:05:38,-08:00,2025-01-31T03:05:38-08:00,0,54
style.css,29,css,344f2f65,Tommy,2025-01-31,03:05:38,-08:00,2025-01-31T03:05:38-08:00,0,57
style.css,30,css,344f2f65,Tommy,2025-01-31,03:05:38,-08:00,2025-01-31T03:05:38-08:00,0,45
style.css,31,css,344f2f65,Tommy,2025-01-31,03:05:38,-08:00,2025-01-31T03:05:38-08:00,0,59
style.css,32,css,344f2f65,Tommy,2025-01-31,03:05:38,-08:00,2025-01-31T03:05:38-08:00,0,0
style.css,33,css,344f2f65,Tommy,2025-01-31,03:05:38,-08:00,2025-01-31T03:05:38-08:00,0,0
style.css,34,css,344f2f65,Tommy,2025-01-31,03:05:38,-08:00,2025-01-31T03:05:38-08:00,0,14
style.css,35,css,344f2f65,Tommy,2025-01-31,03:05:38,-08:00,2025-01-31T03:05:38-08:00,0,51
style.css,36,css,344f2f65,Tommy,2025-01-31,03:05:38,-08:00,2025-01-31T03:05:38-08:00,0,73
style.css,37,css,344f2f65,Tommy,2025-01-31,03:05:38,-08:00,2025-01-31T03:05:38-08:00,0,68
style.css,38,css,344f2f65,Tommy,2025-01-31,03:05:38,-08:00,2025-01-31T03:05:38-08:00,0,0
style.css,39,css,344f2f65,Tommy,2025-01-31,03:05:38,-08:00,2025-01-31T03:05:38-08:00,0,0
style.css,40,css,344f2f65,Tommy,2025-01-31,03:05:38,-08:00,2025-01-31T03:05:38-08:00,0,49
style.css,41,css,344f2f65,Tommy,2025-01-31,03:05:38,-08:00,2025-01-31T03:05:38-08:00,0,6
style.css,42,css,344f2f65,Tommy,2025-01-31,03:05:38,-08:00,2025-01-31T03:05:38-08:00,0,71
style.css,43,css,fb9d4dd3,Tommy,2025-01-31,09:45:23,-08:00,2025-01-31T09:45:23-08:00,0,24
style.css,44,css,7f8369cc,Tommy,2025-01-31,13:21:54,-08:00,2025-01-31T13:21:54-08:00,0,39
style.css,45,css,7f8369cc,Tommy,2025-01-31,13:21:54,-08:00,2025-01-31T13:21:54-08:00,0,33
style.css,46,css,6a961e27,Tommy,2025-01-31,23:30:39,-08:00,2025-01-31T23:30:39-08:00,0,47
style.css,47,css,344f2f65,Tommy,2025-01-31,03:05:38,-08:00,2025-01-31T03:05:38-08:00,0,0
style.css,48,css,344f2f65,Tommy,2025-01-31,03:05:38,-08:00,2025-01-31T03:05:38-08:00,0,0
style.css,49,css,344f2f65,Tommy,2025-01-31,03:05:38,-08:00,2025-01-31T03:05:38-08:00,0,51
style.css,50,css,344f2f65,Tommy,2025-01-31,03:05:38,-08:00,2025-01-31T03:05:38-08:00,0,12
style.css,51,css,344f2f65,Tommy,2025-01-31,03:05:38,-08:00,2025-01-31T03:05:38-08:00,0,88
style.css,52,css,fb9d4dd3,Tommy,2025-01-31,09:45:23,-08:00,2025-01-31T09:45:23-08:00,0,70
style.css,53,css,8630c4e9,Tommy,2025-01-31,18:26:42,-08:00,2025-01-31T18:26:42-08:00,0,56
style.css,54,css,8630c4e9,Tommy,2025-01-31,18:26:42,-08:00,2025-01-31T18:26:42-08:00,0,110
style.css,55,css,344f2f65,Tommy,2025-01-31,03:05:38,-08:00,2025-01-31T03:05:38-08:00,0,0
style.css,56,css,344f2f65,Tommy,2025-01-31,03:05:38,-08:00,2025-01-31T03:05:38-08:00,0,0
style.css,57,css,344f2f65,Tommy,2025-01-31,03:05:38,-08:00,2025-01-31T03:05:38-08:00,0,53
style.css,58,css,344f2f65,Tommy,2025-01-31,03:05:38,-08:00,2025-01-31T03:05:38-08:00,0,24
style.css,59,css,344f2f65,Tommy,2025-01-31,03:05:38,-08:00,2025-01-31T03:05:38-08:00,0,13
style.css,60,css,344f2f65,Tommy,2025-01-31,03:05:38,-08:00,2025-01-31T03:05:38-08:00,0,19
style.css,61,css,344f2f65,Tommy,2025-01-31,03:05:38,-08:00,2025-01-31T03:05:38-08:00,0,11
style.css,62,css,344f2f65,Tommy,2025-01-31,03:05:38,-08:00,2025-01-31T03:05:38-08:00,0,22
style.css,63,css,344f2f65,Tommy,2025-01-31,03:05:38,-08:00,2025-01-31T03:05:38-08:00,0,0
style.css,64,css,344f2f65,Tommy,2025-01-31,03:05:38,-08:00,2025-01-31T03:05:38-08:00,0,0
style.css,65,css,344f2f65,Tommy,2025-01-31,03:05:38,-08:00,2025-01-31T03:05:38-08:00,0,50
style.css,66,css,344f2f65,Tommy,2025-01-31,03:05:38,-08:00,2025-01-31T03:05:38-08:00,0,31
style.css,67,css,344f2f65,Tommy,2025-01-31,03:05:38,-08:00,2025-01-31T03:05:38-08:00,0,14
style.css,68,css,344f2f65,Tommy,2025-01-31,03:05:38,-08:00,2025-01-31T03:05:38-08:00,0,45
style.css,69,css,344f2f65,Tommy,2025-01-31,03:05:38,-08:00,2025-01-31T03:05:38-08:00,0,77
style.css,70,css,344f2f65,Tommy,2025-01-31,03:05:38,-08:00,2025-01-31T03:05:38-08:00,0,0
style.css,71,css,344f2f65,Tommy,2025-01-31,03:05:38,-08:00,2025-01-31T03:05:38-08:00,0,0
style.css,72,css,344f2f65,Tommy,2025-01-31,03:05:38,-08:00,2025-01-31T03:05:38-08:00,0,31
style.css,73,css,344f2f65,Tommy,2025-01-31,03:05:38,-08:00,2025-01-31T03:05:38-08:00,0,6
style.css,74,css,344f2f65,Tommy,2025-01-31,03:05:38,-08:00,2025-01-31T03:05:38-08:00,0,19
style.css,75,css,344f2f65,Tommy,2025-01-31,03:05:38,-08:00,2025-01-31T03:05:38-08:00,0,17
style.css,76,css,344f2f65,Tommy,2025-01-31,03:05:38,-08:00,2025-01-31T03:05:38-08:00,0,0
style.css,77,css,344f2f65,Tommy,2025-01-31,03:05:38,-08:00,2025-01-31T03:05:38-08:00,0,0
style.css,78,css,344f2f65,Tommy,2025-01-31,03:05:38,-08:00,2025-01-31T03:05:38-08:00,0,31
style.css,79,css,344f2f65,Tommy,2025-01-31,03:05:38,-08:00,2025-01-31T03:05:38-08:00,0,5
style.css,80,css,344f2f65,Tommy,2025-01-31,03:05:38,-08:00,2025-01-31T03:05:38-08:00,0,13
style.css,81,css,344f2f65,Tommy,2025-01-31,03:05:38,-08:00,2025-01-31T03:05:38-08:00,0,93
style.css,82,css,344f2f65,Tommy,2025-01-31,03:05:38,-08:00,2025-01-31T03:05:38-08:00,0,44
style.css,83,css,344f2f65,Tommy,2025-01-31,03:05:38,-08:00,2025-01-31T03:05:38-08:00,0,0
style.css,84,css,344f2f65,Tommy,2025-01-31,03:05:38,-08:00,2025-01-31T03:05:38-08:00,0,0
style.css,85,css,344f2f65,Tommy,2025-01-31,03:05:38,-08:00,2025-01-31T03:05:38-08:00,0,48
style.css,86,css,344f2f65,Tommy,2025-01-31,03:05:38,-08:00,2025-01-31T03:05:38-08:00,0,7
style.css,87,css,344f2f65,Tommy,2025-01-31,03:05:38,-08:00,2025-01-31T03:05:38-08:00,0,46
style.css,88,css,344f2f65,Tommy,2025-01-31,03:05:38,-08:00,2025-01-31T03:05:38-08:00,0,0
style.css,89,css,344f2f65,Tommy,2025-01-31,03:05:38,-08:00,2025-01-31T03:05:38-08:00,0,0
style.css,90,css,344f2f65,Tommy,2025-01-31,03:05:38,-08:00,2025-01-31T03:05:38-08:00,0,36
style.css,91,css,344f2f65,Tommy,2025-01-31,03:05:38,-08:00,2025-01-31T03:05:38-08:00,0,10
style.css,92,css,344f2f65,Tommy,2025-01-31,03:05:38,-08:00,2025-01-31T03:05:38-08:00,0,13
style.css,93,css,8d68d44a,Tommy,2025-02-03,23:21:48,-08:00,2025-02-03T23:21:48-08:00,0,76
style.css,94,css,8d68d44a,Tommy,2025-02-03,23:21:48,-08:00,2025-02-03T23:21:48-08:00,0,37
style.css,95,css,8d68d44a,Tommy,2025-02-03,23:21:48,-08:00,2025-02-03T23:21:48-08:00,0,12
style.css,96,css,8d68d44a,Tommy,2025-02-03,23:21:48,-08:00,2025-02-03T23:21:48-08:00,0,56
style.css,97,css,ddb69ed0,Tommy,2025-01-31,23:34:53,-08:00,2025-01-31T23:34:53-08:00,0,34
style.css,98,css,344f2f65,Tommy,2025-01-31,03:05:38,-08:00,2025-01-31T03:05:38-08:00,0,0
style.css,99,css,344f2f65,Tommy,2025-01-31,03:05:38,-08:00,2025-01-31T03:05:38-08:00,0,0
style.css,100,css,344f2f65,Tommy,2025-01-31,03:05:38,-08:00,2025-01-31T03:05:38-08:00,0,30
style.css,101,css,344f2f65,Tommy,2025-01-31,03:05:38,-08:00,2025-01-31T03:05:38-08:00,0,18
style.css,102,css,6a961e27,Tommy,2025-01-31,23:30:39,-08:00,2025-01-31T23:30:39-08:00,0,35
style.css,103,css,344f2f65,Tommy,2025-01-31,03:05:38,-08:00,2025-01-31T03:05:38-08:00,0,12
style.css,104,css,344f2f65,Tommy,2025-01-31,03:05:38,-08:00,2025-01-31T03:05:38-08:00,0,49
style.css,105,css,344f2f65,Tommy,2025-01-31,03:05:38,-08:00,2025-01-31T03:05:38-08:00,0,18
style.css,106,css,f6ffaf11,Tommy,2025-02-03,23:19:13,-08:00,2025-02-03T23:19:13-08:00,0,13
style.css,107,css,f6ffaf11,Tommy,2025-02-03,23:19:13,-08:00,2025-02-03T23:19:13-08:00,0,22
style.css,108,css,f6ffaf11,Tommy,2025-02-03,23:19:13,-08:00,2025-02-03T23:19:13-08:00,0,59
style.css,109,css,5aea0795,Tommy,2025-02-05,10:54:18,-08:00,2025-02-05T10:54:18-08:00,0,48
style.css,110,css,5aea0795,Tommy,2025-02-05,10:54:18,-08:00,2025-02-05T10:54:18-08:00,0,43
style.css,111,css,344f2f65,Tommy,2025-01-31,03:05:38,-08:00,2025-01-31T03:05:38-08:00,0,0
style.css,112,css,344f2f65,Tommy,2025-01-31,03:05:38,-08:00,2025-01-31T03:05:38-08:00,0,0
style.css,113,css,344f2f65,Tommy,2025-01-31,03:05:38,-08:00,2025-01-31T03:05:38-08:00,0,17
style.css,114,css,344f2f65,Tommy,2025-01-31,03:05:38,-08:00,2025-01-31T03:05:38-08:00,0,14
style.css,115,css,344f2f65,Tommy,2025-01-31,03:05:38,-08:00,2025-01-31T03:05:38-08:00,0,11
style.css,116,css,344f2f65,Tommy,2025-01-31,03:05:38,-08:00,2025-01-31T03:05:38-08:00,0,12
style.css,117,css,344f2f65,Tommy,2025-01-31,03:05:38,-08:00,2025-01-31T03:05:38-08:00,0,0
style.css,118,css,344f2f65,Tommy,2025-01-31,03:05:38,-08:00,2025-01-31T03:05:38-08:00,0,0
style.css,119,css,344f2f65,Tommy,2025-01-31,03:05:38,-08:00,2025-01-31T03:05:38-08:00,0,21
style.css,120,css,344f2f65,Tommy,2025-01-31,03:05:38,-08:00,2025-01-31T03:05:38-08:00,0,9
style.css,121,css,344f2f65,Tommy,2025-01-31,03:05:38,-08:00,2025-01-31T03:05:38-08:00,0,0
style.css,122,css,344f2f65,Tommy,2025-01-31,03:05:38,-08:00,2025-01-31T03:05:38-08:00,0,0
style.css,123,css,344f2f65,Tommy,2025-01-31,03:05:38,-08:00,2025-01-31T03:05:38-08:00,0,26
style.css,124,css,344f2f65,Tommy,2025-01-31,03:05:38,-08:00,2025-01-31T03:05:38-08:00,0,3
style.css,125,css,dff234b3,Tommy,2025-01-31,11:16:33,-08:00,2025-01-31T11:16:33-08:00,0,50
style.css,126,css,344f2f65,Tommy,2025-01-31,03:05:38,-08:00,2025-01-31T03:05:38-08:00,0,0
style.css,127,css,344f2f65,Tommy,2025-01-31,03:05:38,-08:00,2025-01-31T03:05:38-08:00,0,0
style.css,128,css,344f2f65,Tommy,2025-01-31,03:05:38,-08:00,2025-01-31T03:05:38-08:00,0,41
style.css,129,css,344f2f65,Tommy,2025-01-31,03:05:38,-08:00,2025-01-31T03:05:38-08:00,0,23
style.css,130,css,6f245b40,Tommy,2025-01-31,03:09:42,-08:00,2025-01-31T03:09:42-08:00,0,36
style.css,131,css,344f2f65,Tommy,2025-01-31,03:05:38,-08:00,2025-01-31T03:05:38-08:00,0,46
style.css,132,css,344f2f65,Tommy,2025-01-31,03:05:38,-08:00,2025-01-31T03:05:38-08:00,0,0
style.css,133,css,344f2f65,Tommy,2025-01-31,03:05:38,-08:00,2025-01-31T03:05:38-08:00,0,0
style.css,134,css,344f2f65,Tommy,2025-01-31,03:05:38,-08:00,2025-01-31T03:05:38-08:00,0,32
style.css,135,css,344f2f65,Tommy,2025-01-31,03:05:38,-08:00,2025-01-31T03:05:38-08:00,0,14
style.css,136,css,344f2f65,Tommy,2025-01-31,03:05:38,-08:00,2025-01-31T03:05:38-08:00,0,13
style.css,137,css,344f2f65,Tommy,2025-01-31,03:05:38,-08:00,2025-01-31T03:05:38-08:00,0,85
style.css,138,css,344f2f65,Tommy,2025-01-31,03:05:38,-08:00,2025-01-31T03:05:38-08:00,0,8
style.css,139,css,344f2f65,Tommy,2025-01-31,03:05:38,-08:00,2025-01-31T03:05:38-08:00,0,16
style.css,140,css,344f2f65,Tommy,2025-01-31,03:05:38,-08:00,2025-01-31T03:05:38-08:00,0,12
style.css,141,css,344f2f65,Tommy,2025-01-31,03:05:38,-08:00,2025-01-31T03:05:38-08:00,0,12
style.css,142,css,344f2f65,Tommy,2025-01-31,03:05:38,-08:00,2025-01-31T03:05:38-08:00,0,0
style.css,143,css,344f2f65,Tommy,2025-01-31,03:05:38,-08:00,2025-01-31T03:05:38-08:00,0,0
style.css,144,css,dff234b3,Tommy,2025-01-31,11:16:33,-08:00,2025-01-31T11:16:33-08:00,0,28
style.css,145,css,344f2f65,Tommy,2025-01-31,03:05:38,-08:00,2025-01-31T03:05:38-08:00,0,12
style.css,146,css,857db390,Tommy,2025-01-31,18:58:14,-08:00,2025-01-31T18:58:14-08:00,0,35
style.css,147,css,857db390,Tommy,2025-01-31,18:58:14,-08:00,2025-01-31T18:58:14-08:00,0,26
style.css,148,css,344f2f65,Tommy,2025-01-31,03:05:38,-08:00,2025-01-31T03:05:38-08:00,0,14
style.css,149,css,344f2f65,Tommy,2025-01-31,03:05:38,-08:00,2025-01-31T03:05:38-08:00,0,18
style.css,150,css,344f2f65,Tommy,2025-01-31,03:05:38,-08:00,2025-01-31T03:05:38-08:00,0,0
style.css,151,css,344f2f65,Tommy,2025-01-31,03:05:38,-08:00,2025-01-31T03:05:38-08:00,0,0
style.css,152,css,344f2f65,Tommy,2025-01-31,03:05:38,-08:00,2025-01-31T03:05:38-08:00,0,23
style.css,153,css,344f2f65,Tommy,2025-01-31,03:05:38,-08:00,2025-01-31T03:05:38-08:00,0,9
style.css,154,css,344f2f65,Tommy,2025-01-31,03:05:38,-08:00,2025-01-31T03:05:38-08:00,0,13
style.css,155,css,344f2f65,Tommy,2025-01-31,03:05:38,-08:00,2025-01-31T03:05:38-08:00,0,22
style.css,156,css,344f2f65,Tommy,2025-01-31,03:05:38,-08:00,2025-01-31T03:05:38-08:00,0,10
style.css,157,css,344f2f65,Tommy,2025-01-31,03:05:38,-08:00,2025-01-31T03:05:38-08:00,0,0
style.css,158,css,344f2f65,Tommy,2025-01-31,03:05:38,-08:00,2025-01-31T03:05:38-08:00,0,0
style.css,159,css,344f2f65,Tommy,2025-01-31,03:05:38,-08:00,2025-01-31T03:05:38-08:00,0,29
style.css,160,css,344f2f65,Tommy,2025-01-31,03:05:38,-08:00,2025-01-31T03:05:38-08:00,0,28
style.css,161,css,344f2f65,Tommy,2025-01-31,03:05:38,-08:00,2025-01-31T03:05:38-08:00,0,29
style.css,162,css,344f2f65,Tommy,2025-01-31,03:05:38,-08:00,2025-01-31T03:05:38-08:00,0,21
style.css,163,css,344f2f65,Tommy,2025-01-31,03:05:38,-08:00,2025-01-31T03:05:38-08:00,0,0
style.css,164,css,344f2f65,Tommy,2025-01-31,03:05:38,-08:00,2025-01-31T03:05:38-08:00,0,0
style.css,165,css,344f2f65,Tommy,2025-01-31,03:05:38,-08:00,2025-01-31T03:05:38-08:00,0,32
style.css,166,css,344f2f65,Tommy,2025-01-31,03:05:38,-08:00,2025-01-31T03:05:38-08:00,0,12
style.css,167,css,344f2f65,Tommy,2025-01-31,03:05:38,-08:00,2025-01-31T03:05:38-08:00,0,19
style.css,168,css,344f2f65,Tommy,2025-01-31,03:05:38,-08:00,2025-01-31T03:05:38-08:00,0,16
style.css,169,css,344f2f65,Tommy,2025-01-31,03:05:38,-08:00,2025-01-31T03:05:38-08:00,0,0
style.css,170,css,344f2f65,Tommy,2025-01-31,03:05:38,-08:00,2025-01-31T03:05:38-08:00,0,0
style.css,171,css,b6042b2b,Tommy,2025-02-08,10:29:07,-08:00,2025-02-08T10:29:07-08:00,0,26
style.css,172,css,b6042b2b,Tommy,2025-02-08,10:29:07,-08:00,2025-02-08T10:29:07-08:00,0,10
style.css,173,css,b6042b2b,Tommy,2025-02-08,10:29:07,-08:00,2025-02-08T10:29:07-08:00,0,72
style.css,174,css,b6042b2b,Tommy,2025-02-08,10:29:07,-08:00,2025-02-08T10:29:07-08:00,0,0
style.css,175,css,b6042b2b,Tommy,2025-02-08,10:29:07,-08:00,2025-02-08T10:29:07-08:00,0,0
style.css,176,css,b6042b2b,Tommy,2025-02-08,10:29:07,-08:00,2025-02-08T10:29:07-08:00,0,11
style.css,177,css,a832917b,Tommy,2025-02-08,10:56:26,-08:00,2025-02-08T10:56:26-08:00,0,22
style.css,178,css,b6042b2b,Tommy,2025-02-08,10:29:07,-08:00,2025-02-08T10:29:07-08:00,0,19
style.css,179,css,b6042b2b,Tommy,2025-02-08,10:29:07,-08:00,2025-02-08T10:29:07-08:00,0,0
style.css,180,css,b6042b2b,Tommy,2025-02-08,10:29:07,-08:00,2025-02-08T10:29:07-08:00,0,0
style.css,181,css,b6042b2b,Tommy,2025-02-08,10:29:07,-08:00,2025-02-08T10:29:07-08:00,0,15
style.css,182,css,a832917b,Tommy,2025-02-08,10:56:26,-08:00,2025-02-08T10:56:26-08:00,0,39
style.css,183,css,b6042b2b,Tommy,2025-02-08,10:29:07,-08:00,2025-02-08T10:29:07-08:00,0,0
style.css,184,css,d06f8ab4,Tommy,2025-02-08,10:35:51,-08:00,2025-02-08T10:35:51-08:00,0,0
style.css,185,css,d06f8ab4,Tommy,2025-02-08,10:35:51,-08:00,2025-02-08T10:35:51-08:00,0,31
style.css,186,css,d06f8ab4,Tommy,2025-02-08,10:35:51,-08:00,2025-02-08T10:35:51-08:00,0,8
style.css,187,css,d06f8ab4,Tommy,2025-02-08,10:35:51,-08:00,2025-02-08T10:35:51-08:00,0,37
style.css,188,css,575bce48,Tommy,2025-02-08,11:14:04,-08:00,2025-02-08T11:14:04-08:00,0,16
style.css,189,css,d06f8ab4,Tommy,2025-02-08,10:35:51,-08:00,2025-02-08T10:35:51-08:00,0,0
style.css,190,css,b6042b2b,Tommy,2025-02-08,10:29:07,-08:00,2025-02-08T10:29:07-08:00,0,0
style.css,191,css,b6042b2b,Tommy,2025-02-08,10:29:07,-08:00,2025-02-08T10:29:07-08:00,0,0
style.css,192,css,344f2f65,Tommy,2025-01-31,03:05:38,-08:00,2025-01-31T03:05:38-08:00,0,26
style.css,193,css,344f2f65,Tommy,2025-01-31,03:05:38,-08:00,2025-01-31T03:05:38-08:00,0,14
style.css,194,css,344f2f65,Tommy,2025-01-31,03:05:38,-08:00,2025-01-31T03:05:38-08:00,0,78
style.css,195,css,344f2f65,Tommy,2025-01-31,03:05:38,-08:00,2025-01-31T03:05:38-08:00,0,0
style.css,196,css,354c5a77,Tommy,2025-02-01,02:50:57,-08:00,2025-02-01T02:50:57-08:00,0,10
style.css,197,css,354c5a77,Tommy,2025-02-01,02:50:57,-08:00,2025-02-01T02:50:57-08:00,0,59
style.css,198,css,354c5a77,Tommy,2025-02-01,02:50:57,-08:00,2025-02-01T02:50:57-08:00,0,0
style.css,199,css,354c5a77,Tommy,2025-02-01,02:50:57,-08:00,2025-02-01T02:50:57-08:00,0,0
style.css,200,css,b6042b2b,Tommy,2025-02-08,10:29:07,-08:00,2025-02-08T10:29:07-08:00,0,11
style.css,201,css,b6042b2b,Tommy,2025-02-08,10:29:07,-08:00,2025-02-08T10:29:07-08:00,0,55
style.css,202,css,b6042b2b,Tommy,2025-02-08,10:29:07,-08:00,2025-02-08T10:29:07-08:00,0,19
style.css,203,css,b6042b2b,Tommy,2025-02-08,10:29:07,-08:00,2025-02-08T10:29:07-08:00,0,0
style.css,204,css,b6042b2b,Tommy,2025-02-08,10:29:07,-08:00,2025-02-08T10:29:07-08:00,0,0
style.css,205,css,b6042b2b,Tommy,2025-02-08,10:29:07,-08:00,2025-02-08T10:29:07-08:00,0,15
style.css,206,css,a832917b,Tommy,2025-02-08,10:56:26,-08:00,2025-02-08T10:56:26-08:00,0,57
style.css,207,css,b6042b2b,Tommy,2025-02-08,10:29:07,-08:00,2025-02-08T10:29:07-08:00,0,0
style.css,208,css,b6042b2b,Tommy,2025-02-08,10:29:07,-08:00,2025-02-08T10:29:07-08:00,0,0
style.css,209,css,d06f8ab4,Tommy,2025-02-08,10:35:51,-08:00,2025-02-08T10:35:51-08:00,0,37
style.css,210,css,b6042b2b,Tommy,2025-02-08,10:29:07,-08:00,2025-02-08T10:29:07-08:00,0,8
style.css,211,css,575bce48,Tommy,2025-02-08,11:14:04,-08:00,2025-02-08T11:14:04-08:00,0,74
style.css,212,css,d06f8ab4,Tommy,2025-02-08,10:35:51,-08:00,2025-02-08T10:35:51-08:00,0,18
style.css,213,css,189bcabf,Tommy,2025-02-08,10:42:12,-08:00,2025-02-08T10:42:12-08:00,0,21
style.css,214,css,354c5a77,Tommy,2025-02-01,02:50:57,-08:00,2025-02-01T02:50:57-08:00,0,0
style.css,215,css,344f2f65,Tommy,2025-01-31,03:05:38,-08:00,2025-01-31T03:05:38-08:00,0,0
style.css,216,css,fb9d4dd3,Tommy,2025-01-31,09:45:23,-08:00,2025-01-31T09:45:23-08:00,0,0
style.css,217,css,fb9d4dd3,Tommy,2025-01-31,09:45:23,-08:00,2025-01-31T09:45:23-08:00,0,21
style.css,218,css,8630c4e9,Tommy,2025-01-31,18:26:42,-08:00,2025-01-31T18:26:42-08:00,0,21
style.css,219,css,fb9d4dd3,Tommy,2025-01-31,09:45:23,-08:00,2025-01-31T09:45:23-08:00,0,19
style.css,220,css,3be624cf,Tommy,2025-01-31,18:46:22,-08:00,2025-01-31T18:46:22-08:00,0,36
style.css,221,css,3be624cf,Tommy,2025-01-31,18:46:22,-08:00,2025-01-31T18:46:22-08:00,0,30
style.css,222,css,8630c4e9,Tommy,2025-01-31,18:26:42,-08:00,2025-01-31T18:26:42-08:00,0,0
style.css,223,css,fb9d4dd3,Tommy,2025-01-31,09:45:23,-08:00,2025-01-31T09:45:23-08:00,0,0
style.css,224,css,fb9d4dd3,Tommy,2025-01-31,09:45:23,-08:00,2025-01-31T09:45:23-08:00,0,20
style.css,225,css,8630c4e9,Tommy,2025-01-31,18:26:42,-08:00,2025-01-31T18:26:42-08:00,0,20
style.css,226,css,fb9d4dd3,Tommy,2025-01-31,09:45:23,-08:00,2025-01-31T09:45:23-08:00,0,18
style.css,227,css,3be624cf,Tommy,2025-01-31,18:46:22,-08:00,2025-01-31T18:46:22-08:00,0,36
style.css,228,css,3be624cf,Tommy,2025-01-31,18:46:22,-08:00,2025-01-31T18:46:22-08:00,0,30
style.css,229,css,6a961e27,Tommy,2025-01-31,23:30:39,-08:00,2025-01-31T23:30:39-08:00,0,56
style.css,230,css,8630c4e9,Tommy,2025-01-31,18:26:42,-08:00,2025-01-31T18:26:42-08:00,0,0
style.css,231,css,7f8369cc,Tommy,2025-01-31,13:21:54,-08:00,2025-01-31T13:21:54-08:00,0,0
style.css,232,css,f5ea14ef,Tommy,2025-01-31,09:53:56,-08:00,2025-01-31T09:53:56-08:00,0,52
style.css,233,css,f5ea14ef,Tommy,2025-01-31,09:53:56,-08:00,2025-01-31T09:53:56-08:00,0,14
style.css,234,css,f5ea14ef,Tommy,2025-01-31,09:53:56,-08:00,2025-01-31T09:53:56-08:00,0,18
style.css,235,css,f5ea14ef,Tommy,2025-01-31,09:53:56,-08:00,2025-01-31T09:53:56-08:00,0,9
style.css,236,css,f5ea14ef,Tommy,2025-01-31,09:53:56,-08:00,2025-01-31T09:53:56-08:00,0,11
style.css,237,css,f5ea14ef,Tommy,2025-01-31,09:53:56,-08:00,2025-01-31T09:53:56-08:00,0,45
style.css,238,css,f5ea14ef,Tommy,2025-01-31,09:53:56,-08:00,2025-01-31T09:53:56-08:00,0,59
style.css,239,css,f5ea14ef,Tommy,2025-01-31,09:53:56,-08:00,2025-01-31T09:53:56-08:00,0,0
style.css,240,css,f3b1920a,Tommy,2025-02-02,19:57:51,-08:00,2025-02-02T19:57:51-08:00,0,0
style.css,241,css,f3b1920a,Tommy,2025-02-02,19:57:51,-08:00,2025-02-02T19:57:51-08:00,0,15
style.css,242,css,f6ffaf11,Tommy,2025-02-03,23:19:13,-08:00,2025-02-03T23:19:13-08:00,0,52
style.css,243,css,f3b1920a,Tommy,2025-02-02,19:57:51,-08:00,2025-02-02T19:57:51-08:00,0,36
style.css,244,css,f3b1920a,Tommy,2025-02-02,19:57:51,-08:00,2025-02-02T19:57:51-08:00,0,18
style.css,245,css,f3b1920a,Tommy,2025-02-02,19:57:51,-08:00,2025-02-02T19:57:51-08:00,0,0
style.css,246,css,f3b1920a,Tommy,2025-02-02,19:57:51,-08:00,2025-02-02T19:57:51-08:00,0,0
style.css,247,css,f3b1920a,Tommy,2025-02-02,19:57:51,-08:00,2025-02-02T19:57:51-08:00,0,18
style.css,248,css,f3b1920a,Tommy,2025-02-02,19:57:51,-08:00,2025-02-02T19:57:51-08:00,0,13
style.css,249,css,f3b1920a,Tommy,2025-02-02,19:57:51,-08:00,2025-02-02T19:57:51-08:00,0,73
style.css,250,css,f3b1920a,Tommy,2025-02-02,19:57:51,-08:00,2025-02-02T19:57:51-08:00,0,44
style.css,251,css,f3b1920a,Tommy,2025-02-02,19:57:51,-08:00,2025-02-02T19:57:51-08:00,0,18
style.css,252,css,f3b1920a,Tommy,2025-02-02,19:57:51,-08:00,2025-02-02T19:57:51-08:00,0,0
style.css,253,css,f3b1920a,Tommy,2025-02-02,19:57:51,-08:00,2025-02-02T19:57:51-08:00,0,0
style.css,254,css,f3b1920a,Tommy,2025-02-02,19:57:51,-08:00,2025-02-02T19:57:51-08:00,0,18
style.css,255,css,f3b1920a,Tommy,2025-02-02,19:57:51,-08:00,2025-02-02T19:57:51-08:00,0,17
style.css,256,css,f3b1920a,Tommy,2025-02-02,19:57:51,-08:00,2025-02-02T19:57:51-08:00,0,15
style.css,257,css,f3b1920a,Tommy,2025-02-02,19:57:51,-08:00,2025-02-02T19:57:51-08:00,0,32
style.css,258,css,f3b1920a,Tommy,2025-02-02,19:57:51,-08:00,2025-02-02T19:57:51-08:00,0,52
style.css,259,css,f3b1920a,Tommy,2025-02-02,19:57:51,-08:00,2025-02-02T19:57:51-08:00,0,0
style.css,260,css,f3b1920a,Tommy,2025-02-02,19:57:51,-08:00,2025-02-02T19:57:51-08:00,0,0
style.css,261,css,f3b1920a,Tommy,2025-02-02,19:57:51,-08:00,2025-02-02T19:57:51-08:00,0,18
style.css,262,css,f3b1920a,Tommy,2025-02-02,19:57:51,-08:00,2025-02-02T19:57:51-08:00,0,17
style.css,263,css,f3b1920a,Tommy,2025-02-02,19:57:51,-08:00,2025-02-02T19:57:51-08:00,0,9
style.css,264,css,f3b1920a,Tommy,2025-02-02,19:57:51,-08:00,2025-02-02T19:57:51-08:00,0,17
style.css,265,css,a21e288f,Tommy,2025-02-03,23:55:01,-08:00,2025-02-03T23:55:01-08:00,0,0
style.css,266,css,a21e288f,Tommy,2025-02-03,23:55:01,-08:00,2025-02-03T23:55:01-08:00,0,0
style.css,267,css,a21e288f,Tommy,2025-02-03,23:55:01,-08:00,2025-02-03T23:55:01-08:00,0,19
style.css,268,css,86b2f548,Tommy,2025-02-08,14:59:20,-08:00,2025-02-08T14:59:20-08:00,0,11
style.css,269,css,86b2f548,Tommy,2025-02-08,14:59:20,-08:00,2025-02-08T14:59:20-08:00,0,42
style.css,270,css,86b2f548,Tommy,2025-02-08,14:59:20,-08:00,2025-02-08T14:59:20-08:00,0,12
style.css,271,css,86b2f548,Tommy,2025-02-08,14:59:20,-08:00,2025-02-08T14:59:20-08:00,0,14
style.css,272,css,a21e288f,Tommy,2025-02-03,23:55:01,-08:00,2025-02-03T23:55:01-08:00,0,0
style.css,273,css,79d6b9aa,Tommy,2025-02-07,00:54:02,-08:00,2025-02-07T00:54:02-08:00,0,0
style.css,274,css,79d6b9aa,Tommy,2025-02-07,00:54:02,-08:00,2025-02-07T00:54:02-08:00,0,31
style.css,275,css,79d6b9aa,Tommy,2025-02-07,00:54:02,-08:00,2025-02-07T00:54:02-08:00,0,8
style.css,276,css,96ebc7b9,Tommy,2025-02-08,11:00:32,-08:00,2025-02-08T11:00:32-08:00,0,51
style.css,277,css,d06f8ab4,Tommy,2025-02-08,10:35:51,-08:00,2025-02-08T10:35:51-08:00,0,13
style.css,278,css,8af21e3a,Tommy,2025-02-08,15:25:27,-08:00,2025-02-08T15:25:27-08:00,0,91
style.css,279,css,6cb7a099,Tommy,2025-02-08,14:46:00,-08:00,2025-02-08T14:46:00-08:00,0,16
style.css,280,css,6cb7a099,Tommy,2025-02-08,14:46:00,-08:00,2025-02-08T14:46:00-08:00,0,12
style.css,281,css,8af21e3a,Tommy,2025-02-08,15:25:27,-08:00,2025-02-08T15:25:27-08:00,0,22
style.css,282,css,a832917b,Tommy,2025-02-08,10:56:26,-08:00,2025-02-08T10:56:26-08:00,0,18
style.css,283,css,8af21e3a,Tommy,2025-02-08,15:25:27,-08:00,2025-02-08T15:25:27-08:00,0,58
style.css,284,css,79d6b9aa,Tommy,2025-02-07,00:54:02,-08:00,2025-02-07T00:54:02-08:00,0,0
style.css,285,css,79d6b9aa,Tommy,2025-02-07,00:54:02,-08:00,2025-02-07T00:54:02-08:00,0,0
style.css,286,css,79d6b9aa,Tommy,2025-02-07,00:54:02,-08:00,2025-02-07T00:54:02-08:00,0,27
style.css,287,css,79d6b9aa,Tommy,2025-02-07,00:54:02,-08:00,2025-02-07T00:54:02-08:00,0,11
style.css,288,css,79d6b9aa,Tommy,2025-02-07,00:54:02,-08:00,2025-02-07T00:54:02-08:00,0,13
style.css,289,css,79d6b9aa,Tommy,2025-02-07,00:54:02,-08:00,2025-02-07T00:54:02-08:00,0,19
style.css,290,css,fb4d6b27,Tommy,2025-02-08,14:38:38,-08:00,2025-02-08T14:38:38-08:00,0,8
style.css,291,css,79d6b9aa,Tommy,2025-02-07,00:54:02,-08:00,2025-02-07T00:54:02-08:00,0,0
style.css,292,css,79d6b9aa,Tommy,2025-02-07,00:54:02,-08:00,2025-02-07T00:54:02-08:00,0,0
style.css,293,css,79d6b9aa,Tommy,2025-02-07,00:54:02,-08:00,2025-02-07T00:54:02-08:00,0,28
style.css,294,css,79d6b9aa,Tommy,2025-02-07,00:54:02,-08:00,2025-02-07T00:54:02-08:00,0,16
style.css,295,css,59dc629c,Tommy,2025-02-07,13:48:50,-08:00,2025-02-07T13:48:50-08:00,0,11
style.css,296,css,59dc629c,Tommy,2025-02-07,13:48:50,-08:00,2025-02-07T13:48:50-08:00,0,12
style.css,297,css,79d6b9aa,Tommy,2025-02-07,00:54:02,-08:00,2025-02-07T00:54:02-08:00,0,21
style.css,298,css,59dc629c,Tommy,2025-02-07,13:48:50,-08:00,2025-02-07T13:48:50-08:00,0,18
style.css,299,css,79d6b9aa,Tommy,2025-02-07,00:54:02,-08:00,2025-02-07T00:54:02-08:00,0,0
style.css,300,css,94bc7c61,Tommy,2025-02-07,00:58:39,-08:00,2025-02-07T00:58:39-08:00,0,0
style.css,301,css,94bc7c61,Tommy,2025-02-07,00:58:39,-08:00,2025-02-07T00:58:39-08:00,0,57
style.css,302,css,94bc7c61,Tommy,2025-02-07,00:58:39,-08:00,2025-02-07T00:58:39-08:00,0,11
style.css,303,css,94bc7c61,Tommy,2025-02-07,00:58:39,-08:00,2025-02-07T00:58:39-08:00,0,13
style.css,304,css,adabe309,Tommy,2025-02-07,01:13:01,-08:00,2025-02-07T01:13:01-08:00,0,50
style.css,305,css,96ebc7b9,Tommy,2025-02-08,11:00:32,-08:00,2025-02-08T11:00:32-08:00,0,23
style.css,306,css,f65a85be,Tommy,2025-02-08,14:11:39,-08:00,2025-02-08T14:11:39-08:00,0,63
style.css,307,css,8af21e3a,Tommy,2025-02-08,15:25:27,-08:00,2025-02-08T15:25:27-08:00,0,59
style.css,308,css,86b2f548,Tommy,2025-02-08,14:59:20,-08:00,2025-02-08T14:59:20-08:00,0,18
style.css,309,css,94bc7c61,Tommy,2025-02-07,00:58:39,-08:00,2025-02-07T00:58:39-08:00,0,0
style.css,310,css,94bc7c61,Tommy,2025-02-07,00:58:39,-08:00,2025-02-07T00:58:39-08:00,0,0
style.css,311,css,94bc7c61,Tommy,2025-02-07,00:58:39,-08:00,2025-02-07T00:58:39-08:00,0,15
style.css,312,css,86b2f548,Tommy,2025-02-08,14:59:20,-08:00,2025-02-08T14:59:20-08:00,0,37
style.css,313,css,86b2f548,Tommy,2025-02-08,14:59:20,-08:00,2025-02-08T14:59:20-08:00,0,49
style.css,314,css,88a3d323,Tommy,2025-02-07,01:06:25,-08:00,2025-02-07T01:06:25-08:00,0,12
style.css,315,css,dba0bbbe,Tommy,2025-02-08,14:33:55,-08:00,2025-02-08T14:33:55-08:00,0,14
style.css,316,css,dba0bbbe,Tommy,2025-02-08,14:33:55,-08:00,2025-02-08T14:33:55-08:00,0,12
style.css,317,css,38b31142,Tommy,2025-02-07,01:10:32,-08:00,2025-02-07T01:10:32-08:00,0,0
style.css,318,css,38b31142,Tommy,2025-02-07,01:10:32,-08:00,2025-02-07T01:10:32-08:00,0,0
style.css,319,css,38b31142,Tommy,2025-02-07,01:10:32,-08:00,2025-02-07T01:10:32-08:00,0,26
style.css,320,css,8a4ccd16,Tommy,2025-02-08,10:22:05,-08:00,2025-02-08T10:22:05-08:00,0,11
style.css,321,css,dba0bbbe,Tommy,2025-02-08,14:33:55,-08:00,2025-02-08T14:33:55-08:00,0,22
style.css,322,css,8a4ccd16,Tommy,2025-02-08,10:22:05,-08:00,2025-02-08T10:22:05-08:00,0,19
style.css,323,css,38b31142,Tommy,2025-02-07,01:10:32,-08:00,2025-02-07T01:10:32-08:00,0,0
style.css,324,css,dba0bbbe,Tommy,2025-02-08,14:33:55,-08:00,2025-02-08T14:33:55-08:00,0,0
style.css,325,css,dba0bbbe,Tommy,2025-02-08,14:33:55,-08:00,2025-02-08T14:33:55-08:00,0,15
style.css,326,css,86b2f548,Tommy,2025-02-08,14:59:20,-08:00,2025-02-08T14:59:20-08:00,0,49
style.css,327,css,dba0bbbe,Tommy,2025-02-08,14:33:55,-08:00,2025-02-08T14:33:55-08:00,0,13
style.css,328,css,dba0bbbe,Tommy,2025-02-08,14:33:55,-08:00,2025-02-08T14:33:55-08:00,0,0
style.css,329,css,dba0bbbe,Tommy,2025-02-08,14:33:55,-08:00,2025-02-08T14:33:55-08:00,0,0
style.css,330,css,dba0bbbe,Tommy,2025-02-08,14:33:55,-08:00,2025-02-08T14:33:55-08:00,0,8
style.css,331,css,86b2f548,Tommy,2025-02-08,14:59:20,-08:00,2025-02-08T14:59:20-08:00,0,62
style.css,332,css,dba0bbbe,Tommy,2025-02-08,14:33:55,-08:00,2025-02-08T14:33:55-08:00,0,0
style.css,333,css,dba0bbbe,Tommy,2025-02-08,14:33:55,-08:00,2025-02-08T14:33:55-08:00,0,0
style.css,334,css,dba0bbbe,Tommy,2025-02-08,14:33:55,-08:00,2025-02-08T14:33:55-08:00,0,0
style.css,335,css,dba0bbbe,Tommy,2025-02-08,14:33:55,-08:00,2025-02-08T14:33:55-08:00,0,26
style.css,336,css,dba0bbbe,Tommy,2025-02-08,14:33:55,-08:00,2025-02-08T14:33:55-08:00,0,15
style.css,337,css,86b2f548,Tommy,2025-02-08,14:59:20,-08:00,2025-02-08T14:59:20-08:00,0,44
style.css,338,css,dba0bbbe,Tommy,2025-02-08,14:33:55,-08:00,2025-02-08T14:33:55-08:00,0,13
style.css,339,css,dba0bbbe,Tommy,2025-02-08,14:33:55,-08:00,2025-02-08T14:33:55-08:00,0,0
style.css,340,css,dba0bbbe,Tommy,2025-02-08,14:33:55,-08:00,2025-02-08T14:33:55-08:00,0,0
style.css,341,css,dba0bbbe,Tommy,2025-02-08,14:33:55,-08:00,2025-02-08T14:33:55-08:00,0,8
style.css,342,css,86b2f548,Tommy,2025-02-08,14:59:20,-08:00,2025-02-08T14:59:20-08:00,0,81
style.css,343,css,dba0bbbe,Tommy,2025-02-08,14:33:55,-08:00,2025-02-08T14:33:55-08:00,0,0
style.css,344,css,cd7d3682,Tommy,2025-02-07,15:28:09,-08:00,2025-02-07T15:28:09-08:00,0,0
style.css,345,css,cd7d3682,Tommy,2025-02-07,15:28:09,-08:00,2025-02-07T15:28:09-08:00,0,0
style.css,346,css,237cf466,Tommy,2025-02-08,16:21:01,-08:00,2025-02-08T16:21:01-08:00,0,20
style.css,347,css,237cf466,Tommy,2025-02-08,16:21:01,-08:00,2025-02-08T16:21:01-08:00,0,17
style.css,348,css,237cf466,Tommy,2025-02-08,16:21:01,-08:00,2025-02-08T16:21:01-08:00,0,12
style.css,349,css,237cf466,Tommy,2025-02-08,16:21:01,-08:00,2025-02-08T16:21:01-08:00,0,0
style.css,350,css,cd7d3682,Tommy,2025-02-07,15:28:09,-08:00,2025-02-07T15:28:09-08:00,0,0
style.css,351,css,cd7d3682,Tommy,2025-02-07,15:28:09,-08:00,2025-02-07T15:28:09-08:00,0,0
style.css,352,css,cd7d3682,Tommy,2025-02-07,15:28:09,-08:00,2025-02-07T15:28:09-08:00,0,5
style.css,353,css,cd7d3682,Tommy,2025-02-07,15:28:09,-08:00,2025-02-07T15:28:09-08:00,0,17
style.css,354,css,67678d8c,Tommy,2025-02-08,15:31:13,-08:00,2025-02-08T15:31:13-08:00,0,0
style.css,355,css,67678d8c,Tommy,2025-02-08,15:31:13,-08:00,2025-02-08T15:31:13-08:00,0,0
style.css,356,css,67678d8c,Tommy,2025-02-08,15:31:13,-08:00,2025-02-08T15:31:13-08:00,0,11
style.css,357,css,67678d8c,Tommy,2025-02-08,15:31:13,-08:00,2025-02-08T15:31:13-08:00,0,11
style.css,358,css,1c122768,Tommy,2025-02-08,15:52:03,-08:00,2025-02-08T15:52:03-08:00,0,17
style.css,359,css,67678d8c,Tommy,2025-02-08,15:31:13,-08:00,2025-02-08T15:31:13-08:00,0,12
style.css,360,css,67678d8c,Tommy,2025-02-08,15:31:13,-08:00,2025-02-08T15:31:13-08:00,0,15
style.css,361,css,67678d8c,Tommy,2025-02-08,15:31:13,-08:00,2025-02-08T15:31:13-08:00,0,22
style.css,362,css,67678d8c,Tommy,2025-02-08,15:31:13,-08:00,2025-02-08T15:31:13-08:00,0,18
style.css,363,css,67678d8c,Tommy,2025-02-08,15:31:13,-08:00,2025-02-08T15:31:13-08:00,0,13
style.css,364,css,67678d8c,Tommy,2025-02-08,15:31:13,-08:00,2025-02-08T15:31:13-08:00,0,0
style.css,365,css,67678d8c,Tommy,2025-02-08,15:31:13,-08:00,2025-02-08T15:31:13-08:00,0,0
style.css,366,css,67678d8c,Tommy,2025-02-08,15:31:13,-08:00,2025-02-08T15:31:13-08:00,0,17
style.css,367,css,67678d8c,Tommy,2025-02-08,15:31:13,-08:00,2025-02-08T15:31:13-08:00,0,21
style.css,368,css,67678d8c,Tommy,2025-02-08,15:31:13,-08:00,2025-02-08T15:31:13-08:00,0,42
style.css,369,css,94bc7c61,Tommy,2025-02-07,00:58:39,-08:00,2025-02-07T00:58:39-08:00,0,0
index.js,1,js,909b782a,Tommy,2025-02-01,03:29:45,-08:00,2025-02-01T03:29:45-08:00,0,72
index.js,2,js,bfb5343a,Tommy,2025-02-01,00:19:47,-08:00,2025-02-01T00:19:47-08:00,0,0
index.js,3,js,5effeb43,Tommy,2025-02-07,14:26:06,-08:00,2025-02-07T14:26:06-08:00,0,47
index.js,4,js,5136874c,Tommy,2025-02-07,14:36:49,-08:00,2025-02-07T14:36:49-08:00,0,53
index.js,5,js,5effeb43,Tommy,2025-02-07,14:26:06,-08:00,2025-02-07T14:26:06-08:00,0,0
index.js,6,js,dfa1ddd2,Tommy,2025-02-01,03:16:09,-08:00,2025-02-01T03:16:09-08:00,0,36
index.js,7,js,50a8d431,Tommy,2025-02-01,03:14:56,-08:00,2025-02-01T03:14:56-08:00,0,4
index.js,8,js,dfa1ddd2,Tommy,2025-02-01,03:16:09,-08:00,2025-02-01T03:16:09-08:00,0,55
index.js,9,js,dfa1ddd2,Tommy,2025-02-01,03:16:09,-08:00,2025-02-01T03:16:09-08:00,0,71
index.js,10,js,50a8d431,Tommy,2025-02-01,03:14:56,-08:00,2025-02-01T03:14:56-08:00,0,0
index.js,11,js,50a8d431,Tommy,2025-02-01,03:14:56,-08:00,2025-02-01T03:14:56-08:00,0,61
index.js,12,js,50a8d431,Tommy,2025-02-01,03:14:56,-08:00,2025-02-01T03:14:56-08:00,0,24
index.js,13,js,50a8d431,Tommy,2025-02-01,03:14:56,-08:00,2025-02-01T03:14:56-08:00,0,64
index.js,14,js,50a8d431,Tommy,2025-02-01,03:14:56,-08:00,2025-02-01T03:14:56-08:00,0,6
index.js,15,js,50a8d431,Tommy,2025-02-01,03:14:56,-08:00,2025-02-01T03:14:56-08:00,0,0
index.js,16,js,50a8d431,Tommy,2025-02-01,03:14:56,-08:00,2025-02-01T03:14:56-08:00,0,0
index.js,17,js,dfa1ddd2,Tommy,2025-02-01,03:16:09,-08:00,2025-02-01T03:16:09-08:00,0,55
index.js,18,js,50a8d431,Tommy,2025-02-01,03:14:56,-08:00,2025-02-01T03:14:56-08:00,0,16
index.js,19,js,50a8d431,Tommy,2025-02-01,03:14:56,-08:00,2025-02-01T03:14:56-08:00,0,54
index.js,20,js,50a8d431,Tommy,2025-02-01,03:14:56,-08:00,2025-02-01T03:14:56-08:00,0,0
index.js,21,js,bfb5343a,Tommy,2025-02-01,00:19:47,-08:00,2025-02-01T00:19:47-08:00,0,0
index.js,22,js,bfb5343a,Tommy,2025-02-01,00:19:47,-08:00,2025-02-01T00:19:47-08:00,0,0
index.js,23,js,5136874c,Tommy,2025-02-07,14:36:49,-08:00,2025-02-07T14:36:49-08:00,0,50
index.js,24,js,5136874c,Tommy,2025-02-07,14:36:49,-08:00,2025-02-07T14:36:49-08:00,0,30
index.js,25,js,5136874c,Tommy,2025-02-07,14:36:49,-08:00,2025-02-07T14:36:49-08:00,0,4
index.js,26,js,d641baaa,Tommy,2025-02-07,18:01:08,-08:00,2025-02-07T18:01:08-08:00,0,45
index.js,27,js,d641baaa,Tommy,2025-02-07,18:01:08,-08:00,2025-02-07T18:01:08-08:00,0,55
index.js,28,js,5136874c,Tommy,2025-02-07,14:36:49,-08:00,2025-02-07T14:36:49-08:00,0,0
index.js,29,js,d641baaa,Tommy,2025-02-07,18:01:08,-08:00,2025-02-07T18:01:08-08:00,0,61
index.js,30,js,5136874c,Tommy,2025-02-07,14:36:49,-08:00,2025-02-07T14:36:49-08:00,0,24
index.js,31,js,d641baaa,Tommy,2025-02-07,18:01:08,-08:00,2025-02-07T18:01:08-08:00,0,43
index.js,32,js,5136874c,Tommy,2025-02-07,14:36:49,-08:00,2025-02-07T14:36:49-08:00,0,6
index.js,33,js,5136874c,Tommy,2025-02-07,14:36:49,-08:00,2025-02-07T14:36:49-08:00,0,0
index.js,34,js,5136874c,Tommy,2025-02-07,14:36:49,-08:00,2025-02-07T14:36:49-08:00,0,0
index.js,35,js,d641baaa,Tommy,2025-02-07,18:01:08,-08:00,2025-02-07T18:01:08-08:00,0,49
index.js,36,js,5136874c,Tommy,2025-02-07,14:36:49,-08:00,2025-02-07T14:36:49-08:00,0,0
index.js,37,js,5136874c,Tommy,2025-02-07,14:36:49,-08:00,2025-02-07T14:36:49-08:00,0,16
index.js,38,js,d641baaa,Tommy,2025-02-07,18:01:08,-08:00,2025-02-07T18:01:08-08:00,0,47
index.js,39,js,5136874c,Tommy,2025-02-07,14:36:49,-08:00,2025-02-07T14:36:49-08:00,0,0
index.js,40,js,5136874c,Tommy,2025-02-07,14:36:49,-08:00,2025-02-07T14:36:49-08:00,0,0
index.js,41,js,5136874c,Tommy,2025-02-07,14:36:49,-08:00,2025-02-07T14:36:49-08:00,0,0
index.js,42,js,d641baaa,Tommy,2025-02-07,18:01:08,-08:00,2025-02-07T18:01:08-08:00,0,0
index.js,43,js,5136874c,Tommy,2025-02-07,14:36:49,-08:00,2025-02-07T14:36:49-08:00,0,49
index.js,44,js,5136874c,Tommy,2025-02-07,14:36:49,-08:00,2025-02-07T14:36:49-08:00,0,56
index.js,45,js,5136874c,Tommy,2025-02-07,14:36:49,-08:00,2025-02-07T14:36:49-08:00,0,55
index.js,46,js,1beb12ee,Tommy,2025-02-01,03:17:44,-08:00,2025-02-01T03:17:44-08:00,0,0
index.js,47,js,f4a8e16c,Tommy,2025-02-07,15:14:42,-08:00,2025-02-07T15:14:42-08:00,0,32
index.js,48,js,909b782a,Tommy,2025-02-01,03:29:45,-08:00,2025-02-01T03:29:45-08:00,0,43
index.js,49,js,909b782a,Tommy,2025-02-01,03:29:45,-08:00,2025-02-01T03:29:45-08:00,0,4
index.js,50,js,909b782a,Tommy,2025-02-01,03:29:45,-08:00,2025-02-01T03:29:45-08:00,0,50
index.js,51,js,21294902,Tommy,2025-02-01,03:48:38,-08:00,2025-02-01T03:48:38-08:00,0,61
index.js,52,js,1beb12ee,Tommy,2025-02-01,03:17:44,-08:00,2025-02-01T03:17:44-08:00,0,0
index.js,53,js,f3b1920a,Tommy,2025-02-02,19:57:51,-08:00,2025-02-02T19:57:51-08:00,0,19
index.js,54,js,f3b1920a,Tommy,2025-02-02,19:57:51,-08:00,2025-02-02T19:57:51-08:00,0,66
index.js,55,js,f3b1920a,Tommy,2025-02-02,19:57:51,-08:00,2025-02-02T19:57:51-08:00,0,6
index.js,56,js,f3b1920a,Tommy,2025-02-02,19:57:51,-08:00,2025-02-02T19:57:51-08:00,0,0
index.js,57,js,f3b1920a,Tommy,2025-02-02,19:57:51,-08:00,2025-02-02T19:57:51-08:00,0,0
index.js,58,js,9b06d2b9,Tommy,2025-02-01,03:33:30,-08:00,2025-02-01T03:33:30-08:00,0,17
index.js,59,js,2a0aefa4,Tommy,2025-02-03,23:09:33,-08:00,2025-02-03T23:09:33-08:00,0,63
index.js,60,js,9b06d2b9,Tommy,2025-02-01,03:33:30,-08:00,2025-02-01T03:33:30-08:00,0,6
index.js,61,js,9b06d2b9,Tommy,2025-02-01,03:33:30,-08:00,2025-02-01T03:33:30-08:00,0,0
index.js,62,js,1beb12ee,Tommy,2025-02-01,03:17:44,-08:00,2025-02-01T03:17:44-08:00,0,0
index.js,63,js,f3b1920a,Tommy,2025-02-02,19:57:51,-08:00,2025-02-02T19:57:51-08:00,0,54
index.js,64,js,f3b1920a,Tommy,2025-02-02,19:57:51,-08:00,2025-02-02T19:57:51-08:00,0,25
index.js,65,js,f3b1920a,Tommy,2025-02-02,19:57:51,-08:00,2025-02-02T19:57:51-08:00,0,3
index.js,66,js,f3b1920a,Tommy,2025-02-02,19:57:51,-08:00,2025-02-02T19:57:51-08:00,0,49
index.js,67,js,f3b1920a,Tommy,2025-02-02,19:57:51,-08:00,2025-02-02T19:57:51-08:00,0,49
index.js,68,js,f3b1920a,Tommy,2025-02-02,19:57:51,-08:00,2025-02-02T19:57:51-08:00,0,55
index.js,69,js,f3b1920a,Tommy,2025-02-02,19:57:51,-08:00,2025-02-02T19:57:51-08:00,0,55
index.js,70,js,f3b1920a,Tommy,2025-02-02,19:57:51,-08:00,2025-02-02T19:57:51-08:00,0,4
index.js,71,js,1beb12ee,Tommy,2025-02-01,03:17:44,-08:00,2025-02-01T03:17:44-08:00,0,1
index.js,72,js,909b782a,Tommy,2025-02-01,03:29:45,-08:00,2025-02-01T03:29:45-08:00,0,16
index.js,73,js,909b782a,Tommy,2025-02-01,03:29:45,-08:00,2025-02-01T03:29:45-08:00,0,53
index.js,74,js,1beb12ee,Tommy,2025-02-01,03:17:44,-08:00,2025-02-01T03:17:44-08:00,0,0
index.js,75,js,1beb12ee,Tommy,2025-02-01,03:17:44,-08:00,2025-02-01T03:17:44-08:00,0,0
index.js,76,js,1beb12ee,Tommy,2025-02-01,03:17:44,-08:00,2025-02-01T03:17:44-08:00,0,0
index.js,77,js,2a0aefa4,Tommy,2025-02-03,23:09:33,-08:00,2025-02-03T23:09:33-08:00,0,29
index.js,78,js,909b782a,Tommy,2025-02-01,03:29:45,-08:00,2025-02-01T03:29:45-08:00,0,33
index.js,79,js,2a0aefa4,Tommy,2025-02-03,23:09:33,-08:00,2025-02-03T23:09:33-08:00,0,0
index.html,1,html,c9cb2d1e,Tommy,2025-01-09,12:34:11,-08:00,2025-01-09T12:34:11-08:00,0,14
index.html,2,html,c9cb2d1e,Tommy,2025-01-09,12:34:11,-08:00,2025-01-09T12:34:11-08:00,0,15
index.html,3,html,c9cb2d1e,Tommy,2025-01-09,12:34:11,-08:00,2025-01-09T12:34:11-08:00,0,5
index.html,4,html,c9cb2d1e,Tommy,2025-01-09,12:34:11,-08:00,2025-01-09T12:34:11-08:00,0,21
index.html,5,html,c9cb2d1e,Tommy,2025-01-09,12:34:11,-08:00,2025-01-09T12:34:11-08:00,0,69
index.html,6,html,c9cb2d1e,Tommy,2025-01-09,12:34:11,-08:00,2025-01-09T12:34:11-08:00,0,51
index.html,7,html,344f2f65,Tommy,2025-01-31,03:05:38,-08:00,2025-01-31T03:05:38-08:00,0,39
index.html,8,html,e3dd07b8,Tommy,2025-01-10,19:40:10,-08:00,2025-01-10T19:40:10-08:00,0,6
index.html,9,html,e3dd07b8,Tommy,2025-01-10,19:40:10,-08:00,2025-01-10T19:40:10-08:00,0,5
index.html,10,html,0245007a,Tommy,2025-02-01,03:08:59,-08:00,2025-02-01T03:08:59-08:00,0,16
index.html,11,html,0245007a,Tommy,2025-02-01,03:08:59,-08:00,2025-02-01T03:08:59-08:00,0,0
index.html,12,html,6286338b,Tommy,2025-02-01,02:47:11,-08:00,2025-02-01T02:47:11-08:00,0,23
index.html,13,html,86d26560,Tommy,2025-02-01,03:13:03,-08:00,2025-02-01T03:13:03-08:00,0,27
index.html,14,html,b9569997,Tommy,2025-02-01,03:00:40,-08:00,2025-02-01T03:00:40-08:00,0,0
index.html,15,html,f3b1920a,Tommy,2025-02-02,19:57:51,-08:00,2025-02-02T19:57:51-08:00,0,23
index.html,16,html,21294902,Tommy,2025-02-01,03:48:38,-08:00,2025-02-01T03:48:38-08:00,0,23
index.html,17,html,21294902,Tommy,2025-02-01,03:48:38,-08:00,2025-02-01T03:48:38-08:00,0,54
index.html,18,html,21294902,Tommy,2025-02-01,03:48:38,-08:00,2025-02-01T03:48:38-08:00,0,5
index.html,19,html,0245007a,Tommy,2025-02-01,03:08:59,-08:00,2025-02-01T03:08:59-08:00,0,0
index.html,20,html,344f2f65,Tommy,2025-01-31,03:05:38,-08:00,2025-01-31T03:05:38-08:00,0,65
index.html,21,html,344f2f65,Tommy,2025-01-31,03:05:38,-08:00,2025-01-31T03:05:38-08:00,0,103
index.html,22,html,d304f4e2,Tommy,2025-02-01,02:57:58,-08:00,2025-02-01T02:57:58-08:00,0,0
index.html,23,html,3581162e,Tommy,2025-01-31,03:20:49,-08:00,2025-01-31T03:20:49-08:00,0,46
index.html,24,html,8811df9f,Tommy,2025-02-01,03:04:32,-08:00,2025-02-01T03:04:32-08:00,0,45
index.html,25,html,909b782a,Tommy,2025-02-01,03:29:45,-08:00,2025-02-01T03:29:45-08:00,0,48
index.html,26,html,bfb5343a,Tommy,2025-02-01,00:19:47,-08:00,2025-02-01T00:19:47-08:00,0,0
index.html,27,html,c9cb2d1e,Tommy,2025-01-09,12:34:11,-08:00,2025-01-09T12:34:11-08:00,0,6
index.html,28,html,c9cb2d1e,Tommy,2025-01-09,12:34:11,-08:00,2025-01-09T12:34:11-08:00,0,6
global.js,1,js,3581162e,Tommy,2025-01-31,03:20:49,-08:00,2025-01-31T03:20:49-08:00,0,26
global.js,2,js,3581162e,Tommy,2025-01-31,03:20:49,-08:00,2025-01-31T03:20:49-08:00,0,0
global.js,3,js,3581162e,Tommy,2025-01-31,03:20:49,-08:00,2025-01-31T03:20:49-08:00,0,42
global.js,4,js,3581162e,Tommy,2025-01-31,03:20:49,-08:00,2025-01-31T03:20:49-08:00,0,53
global.js,5,js,3581162e,Tommy,2025-01-31,03:20:49,-08:00,2025-01-31T03:20:49-08:00,0,0
global.js,6,js,3bfd8050,Tommy,2025-01-31,03:23:07,-08:00,2025-01-31T03:23:07-08:00,0,0
global.js,7,js,17b5a925,Tommy,2025-02-07,18:55:01,-08:00,2025-02-07T18:55:01-08:00,0,70
global.js,8,js,17b5a925,Tommy,2025-02-07,18:55:01,-08:00,2025-02-07T18:55:01-08:00,0,32
global.js,9,js,17b5a925,Tommy,2025-02-07,18:55:01,-08:00,2025-02-07T18:55:01-08:00,0,12
global.js,10,js,17b5a925,Tommy,2025-02-07,18:55:01,-08:00,2025-02-07T18:55:01-08:00,0,0
global.js,11,js,17b5a925,Tommy,2025-02-07,18:55:01,-08:00,2025-02-07T18:55:01-08:00,0,27
global.js,12,js,17b5a925,Tommy,2025-02-07,18:55:01,-08:00,2025-02-07T18:55:01-08:00,0,5
global.js,13,js,17b5a925,Tommy,2025-02-07,18:55:01,-08:00,2025-02-07T18:55:01-08:00,0,25
global.js,14,js,17b5a925,Tommy,2025-02-07,18:55:01,-08:00,2025-02-07T18:55:01-08:00,0,38
global.js,15,js,17b5a925,Tommy,2025-02-07,18:55:01,-08:00,2025-02-07T18:55:01-08:00,0,35
global.js,16,js,17b5a925,Tommy,2025-02-07,18:55:01,-08:00,2025-02-07T18:55:01-08:00,0,33
global.js,17,js,17b5a925,Tommy,2025-02-07,18:55:01,-08:00,2025-02-07T18:55:01-08:00,0,8
global.js,18,js,17b5a925,Tommy,2025-02-07,18:55:01,-08:00,2025-02-07T18:55:01-08:00,0,7
global.js,19,js,17b5a925,Tommy,2025-02-07,18:55:01,-08:00,2025-02-07T18:55:01-08:00,0,0
global.js,20,js,17b5a925,Tommy,2025-02-07,18:55:01,-08:00,2025-02-07T18:55:01-08:00,0,1
global.js,21,js,17b5a925,Tommy,2025-02-07,18:55:01,-08:00,2025-02-07T18:55:01-08:00,0,0
global.js,22,js,17b5a925,Tommy,2025-02-07,18:55:01,-08:00,2025-02-07T18:55:01-08:00,0,33
global.js,23,js,17b5a925,Tommy,2025-02-07,18:55:01,-08:00,2025-02-07T18:55:01-08:00,0,12
global.js,24,js,17b5a925,Tommy,2025-02-07,18:55:01,-08:00,2025-02-07T18:55:01-08:00,0,36
global.js,25,js,17b5a925,Tommy,2025-02-07,18:55:01,-08:00,2025-02-07T18:55:01-08:00,0,49
global.js,26,js,17b5a925,Tommy,2025-02-07,18:55:01,-08:00,2025-02-07T18:55:01-08:00,0,41
global.js,27,js,18bd777e,Tommy,2025-02-08,21:08:34,-08:00,2025-02-08T21:08:34-08:00,0,47
global.js,28,js,18bd777e,Tommy,2025-02-08,21:08:34,-08:00,2025-02-08T21:08:34-08:00,0,41
global.js,29,js,17b5a925,Tommy,2025-02-07,18:55:01,-08:00,2025-02-07T18:55:01-08:00,0,61
global.js,30,js,17b5a925,Tommy,2025-02-07,18:55:01,-08:00,2025-02-07T18:55:01-08:00,0,1
global.js,31,js,17b5a925,Tommy,2025-02-07,18:55:01,-08:00,2025-02-07T18:55:01-08:00,0,0
global.js,32,js,17b5a925,Tommy,2025-02-07,18:55:01,-08:00,2025-02-07T18:55:01-08:00,0,60
global.js,33,js,17b5a925,Tommy,2025-02-07,18:55:01,-08:00,2025-02-07T18:55:01-08:00,0,39
global.js,34,js,17b5a925,Tommy,2025-02-07,18:55:01,-08:00,2025-02-07T18:55:01-08:00,0,26
global.js,35,js,17b5a925,Tommy,2025-02-07,18:55:01,-08:00,2025-02-07T18:55:01-08:00,0,0
global.js,36,js,17b5a925,Tommy,2025-02-07,18:55:01,-08:00,2025-02-07T18:55:01-08:00,0,34
global.js,37,js,17b5a925,Tommy,2025-02-07,18:55:01,-08:00,2025-02-07T18:55:01-08:00,0,71
global.js,38,js,17b5a925,Tommy,2025-02-07,18:55:01,-08:00,2025-02-07T18:55:01-08:00,0,0
global.js,39,js,17b5a925,Tommy,2025-02-07,18:55:01,-08:00,2025-02-07T18:55:01-08:00,0,36
global.js,40,js,17b5a925,Tommy,2025-02-07,18:55:01,-08:00,2025-02-07T18:55:01-08:00,0,21
global.js,41,js,17b5a925,Tommy,2025-02-07,18:55:01,-08:00,2025-02-07T18:55:01-08:00,0,15
global.js,42,js,17b5a925,Tommy,2025-02-07,18:55:01,-08:00,2025-02-07T18:55:01-08:00,0,19
global.js,43,js,17b5a925,Tommy,2025-02-07,18:55:01,-08:00,2025-02-07T18:55:01-08:00,0,0
global.js,44,js,17b5a925,Tommy,2025-02-07,18:55:01,-08:00,2025-02-07T18:55:01-08:00,0,53
global.js,45,js,17b5a925,Tommy,2025-02-07,18:55:01,-08:00,2025-02-07T18:55:01-08:00,0,31
global.js,46,js,17b5a925,Tommy,2025-02-07,18:55:01,-08:00,2025-02-07T18:55:01-08:00,0,97
global.js,47,js,17b5a925,Tommy,2025-02-07,18:55:01,-08:00,2025-02-07T18:55:01-08:00,0,0
global.js,48,js,17b5a925,Tommy,2025-02-07,18:55:01,-08:00,2025-02-07T18:55:01-08:00,0,56
global.js,49,js,17b5a925,Tommy,2025-02-07,18:55:01,-08:00,2025-02-07T18:55:01-08:00,0,35
global.js,50,js,17b5a925,Tommy,2025-02-07,18:55:01,-08:00,2025-02-07T18:55:01-08:00,0,12
global.js,51,js,17b5a925,Tommy,2025-02-07,18:55:01,-08:00,2025-02-07T18:55:01-08:00,0,21
global.js,52,js,17b5a925,Tommy,2025-02-07,18:55:01,-08:00,2025-02-07T18:55:01-08:00,0,0
global.js,53,js,17b5a925,Tommy,2025-02-07,18:55:01,-08:00,2025-02-07T18:55:01-08:00,0,34
global.js,54,js,17b5a925,Tommy,2025-02-07,18:55:01,-08:00,2025-02-07T18:55:01-08:00,0,28
global.js,55,js,17b5a925,Tommy,2025-02-07,18:55:01,-08:00,2025-02-07T18:55:01-08:00,0,19
global.js,56,js,17b5a925,Tommy,2025-02-07,18:55:01,-08:00,2025-02-07T18:55:01-08:00,0,29
global.js,57,js,17b5a925,Tommy,2025-02-07,18:55:01,-08:00,2025-02-07T18:55:01-08:00,0,0
global.js,58,js,17b5a925,Tommy,2025-02-07,18:55:01,-08:00,2025-02-07T18:55:01-08:00,0,0
global.js,59,js,17b5a925,Tommy,2025-02-07,18:55:01,-08:00,2025-02-07T18:55:01-08:00,0,27
global.js,60,js,17b5a925,Tommy,2025-02-07,18:55:01,-08:00,2025-02-07T18:55:01-08:00,0,13
global.js,61,js,17b5a925,Tommy,2025-02-07,18:55:01,-08:00,2025-02-07T18:55:01-08:00,0,0
global.js,62,js,17b5a925,Tommy,2025-02-07,18:55:01,-08:00,2025-02-07T18:55:01-08:00,0,0
global.js,63,js,17b5a925,Tommy,2025-02-07,18:55:01,-08:00,2025-02-07T18:55:01-08:00,0,26
global.js,64,js,17b5a925,Tommy,2025-02-07,18:55:01,-08:00,2025-02-07T18:55:01-08:00,0,28
global.js,65,js,17b5a925,Tommy,2025-02-07,18:55:01,-08:00,2025-02-07T18:55:01-08:00,0,0
global.js,66,js,17b5a925,Tommy,2025-02-07,18:55:01,-08:00,2025-02-07T18:55:01-08:00,0,28
global.js,67,js,17b5a925,Tommy,2025-02-07,18:55:01,-08:00,2025-02-07T18:55:01-08:00,0,31
global.js,68,js,17b5a925,Tommy,2025-02-07,18:55:01,-08:00,2025-02-07T18:55:01-08:00,0,66
global.js,69,js,17b5a925,Tommy,2025-02-07,18:55:01,-08:00,2025-02-07T18:55:01-08:00,0,1
global.js,70,js,17b5a925,Tommy,2025-02-07,18:55:01,-08:00,2025-02-07T18:55:01-08:00,0,0
global.js,71,js,17b5a925,Tommy,2025-02-07,18:55:01,-08:00,2025-02-07T18:55:01-08:00,0,17
global.js,72,js,17b5a925,Tommy,2025-02-07,18:55:01,-08:00,2025-02-07T18:55:01-08:00,0,24
global.js,73,js,17b5a925,Tommy,2025-02-07,18:55:01,-08:00,2025-02-07T18:55:01-08:00,0,0
global.js,74,js,17b5a925,Tommy,2025-02-07,18:55:01,-08:00,2025-02-07T18:55:01-08:00,0,33
global.js,75,js,17b5a925,Tommy,2025-02-07,18:55:01,-08:00,2025-02-07T18:55:01-08:00,0,37
global.js,76,js,17b5a925,Tommy,2025-02-07,18:55:01,-08:00,2025-02-07T18:55:01-08:00,0,0
global.js,77,js,17b5a925,Tommy,2025-02-07,18:55:01,-08:00,2025-02-07T18:55:01-08:00,0,33
global.js,78,js,17b5a925,Tommy,2025-02-07,18:55:01,-08:00,2025-02-07T18:55:01-08:00,0,59
global.js,79,js,17b5a925,Tommy,2025-02-07,18:55:01,-08:00,2025-02-07T18:55:01-08:00,0,0
global.js,80,js,17b5a925,Tommy,2025-02-07,18:55:01,-08:00,2025-02-07T18:55:01-08:00,0,32
global.js,81,js,17b5a925,Tommy,2025-02-07,18:55:01,-08:00,2025-02-07T18:55:01-08:00,0,76
global.js,82,js,17b5a925,Tommy,2025-02-07,18:55:01,-08:00,2025-02-07T18:55:01-08:00,0,68
global.js,83,js,17b5a925,Tommy,2025-02-07,18:55:01,-08:00,2025-02-07T18:55:01-08:00,0,71
global.js,84,js,17b5a925,Tommy,2025-02-07,18:55:01,-08:00,2025-02-07T18:55:01-08:00,0,0
global.js,85,js,17b5a925,Tommy,2025-02-07,18:55:01,-08:00,2025-02-07T18:55:01-08:00,0,0
global.js,86,js,17b5a925,Tommy,2025-02-07,18:55:01,-08:00,2025-02-07T18:55:01-08:00,0,24
global.js,87,js,17b5a925,Tommy,2025-02-07,18:55:01,-08:00,2025-02-07T18:55:01-08:00,0,21
global.js,88,js,17b5a925,Tommy,2025-02-07,18:55:01,-08:00,2025-02-07T18:55:01-08:00,0,76
global.js,89,js,17b5a925,Tommy,2025-02-07,18:55:01,-08:00,2025-02-07T18:55:01-08:00,0,82
global.js,90,js,17b5a925,Tommy,2025-02-07,18:55:01,-08:00,2025-02-07T18:55:01-08:00,0,7
global.js,91,js,17b5a925,Tommy,2025-02-07,18:55:01,-08:00,2025-02-07T18:55:01-08:00,0,57
global.js,92,js,17b5a925,Tommy,2025-02-07,18:55:01,-08:00,2025-02-07T18:55:01-08:00,0,0
global.js,93,js,17b5a925,Tommy,2025-02-07,18:55:01,-08:00,2025-02-07T18:55:01-08:00,0,0
global.js,94,js,17b5a925,Tommy,2025-02-07,18:55:01,-08:00,2025-02-07T18:55:01-08:00,0,41
global.js,95,js,17b5a925,Tommy,2025-02-07,18:55:01,-08:00,2025-02-07T18:55:01-08:00,0,51
global.js,96,js,17b5a925,Tommy,2025-02-07,18:55:01,-08:00,2025-02-07T18:55:01-08:00,0,0
global.js,97,js,17b5a925,Tommy,2025-02-07,18:55:01,-08:00,2025-02-07T18:55:01-08:00,0,0
global.js,98,js,17b5a925,Tommy,2025-02-07,18:55:01,-08:00,2025-02-07T18:55:01-08:00,0,33
global.js,99,js,17b5a925,Tommy,2025-02-07,18:55:01,-08:00,2025-02-07T18:55:01-08:00,0,64
global.js,100,js,17b5a925,Tommy,2025-02-07,18:55:01,-08:00,2025-02-07T18:55:01-08:00,0,30
global.js,101,js,17b5a925,Tommy,2025-02-07,18:55:01,-08:00,2025-02-07T18:55:01-08:00,0,20
global.js,102,js,17b5a925,Tommy,2025-02-07,18:55:01,-08:00,2025-02-07T18:55:01-08:00,0,0
global.js,103,js,17b5a925,Tommy,2025-02-07,18:55:01,-08:00,2025-02-07T18:55:01-08:00,0,39
global.js,104,js,17b5a925,Tommy,2025-02-07,18:55:01,-08:00,2025-02-07T18:55:01-08:00,0,49
global.js,105,js,17b5a925,Tommy,2025-02-07,18:55:01,-08:00,2025-02-07T18:55:01-08:00,0,28
global.js,106,js,17b5a925,Tommy,2025-02-07,18:55:01,-08:00,2025-02-07T18:55:01-08:00,0,2
global.js,107,js,17b5a925,Tommy,2025-02-07,18:55:01,-08:00,2025-02-07T18:55:01-08:00,0,0
global.js,108,js,17b5a925,Tommy,2025-02-07,18:55:01,-08:00,2025-02-07T18:55:01-08:00,0,52
global.js,109,js,17b5a925,Tommy,2025-02-07,18:55:01,-08:00,2025-02-07T18:55:01-08:00,0,83
global.js,110,js,17b5a925,Tommy,2025-02-07,18:55:01,-08:00,2025-02-07T18:55:01-08:00,0,52
global.js,111,js,17b5a925,Tommy,2025-02-07,18:55:01,-08:00,2025-02-07T18:55:01-08:00,0,16
global.js,112,js,17b5a925,Tommy,2025-02-07,18:55:01,-08:00,2025-02-07T18:55:01-08:00,0,0
global.js,113,js,17b5a925,Tommy,2025-02-07,18:55:01,-08:00,2025-02-07T18:55:01-08:00,0,2
global.js,114,js,17b5a925,Tommy,2025-02-07,18:55:01,-08:00,2025-02-07T18:55:01-08:00,0,0
global.js,115,js,17b5a925,Tommy,2025-02-07,18:55:01,-08:00,2025-02-07T18:55:01-08:00,0,37
global.js,116,js,17b5a925,Tommy,2025-02-07,18:55:01,-08:00,2025-02-07T18:55:01-08:00,0,4
global.js,117,js,17b5a925,Tommy,2025-02-07,18:55:01,-08:00,2025-02-07T18:55:01-08:00,0,40
global.js,118,js,17b5a925,Tommy,2025-02-07,18:55:01,-08:00,2025-02-07T18:55:01-08:00,0,33
global.js,119,js,17b5a925,Tommy,2025-02-07,18:55:01,-08:00,2025-02-07T18:55:01-08:00,0,0
global.js,120,js,17b5a925,Tommy,2025-02-07,18:55:01,-08:00,2025-02-07T18:55:01-08:00,0,31
global.js,121,js,17b5a925,Tommy,2025-02-07,18:55:01,-08:00,2025-02-07T18:55:01-08:00,0,18
global.js,122,js,17b5a925,Tommy,2025-02-07,18:55:01,-08:00,2025-02-07T18:55:01-08:00,0,67
global.js,123,js,17b5a925,Tommy,2025-02-07,18:55:01,-08:00,2025-02-07T18:55:01-08:00,0,0
global.js,124,js,17b5a925,Tommy,2025-02-07,18:55:01,-08:00,2025-02-07T18:55:01-08:00,0,0
global.js,125,js,17b5a925,Tommy,2025-02-07,18:55:01,-08:00,2025-02-07T18:55:01-08:00,0,25
global.js,126,js,17b5a925,Tommy,2025-02-07,18:55:01,-08:00,2025-02-07T18:55:01-08:00,0,34
global.js,127,js,17b5a925,Tommy,2025-02-07,18:55:01,-08:00,2025-02-07T18:55:01-08:00,0,11
global.js,128,js,17b5a925,Tommy,2025-02-07,18:55:01,-08:00,2025-02-07T18:55:01-08:00,0,0
global.js,129,js,17b5a925,Tommy,2025-02-07,18:55:01,-08:00,2025-02-07T18:55:01-08:00,0,16
global.js,130,js,17b5a925,Tommy,2025-02-07,18:55:01,-08:00,2025-02-07T18:55:01-08:00,0,60
global.js,131,js,17b5a925,Tommy,2025-02-07,18:55:01,-08:00,2025-02-07T18:55:01-08:00,0,0
global.js,132,js,17b5a925,Tommy,2025-02-07,18:55:01,-08:00,2025-02-07T18:55:01-08:00,0,0
global.js,133,js,17b5a925,Tommy,2025-02-07,18:55:01,-08:00,2025-02-07T18:55:01-08:00,0,0
global.js,134,js,33c9b1d3,Tommy,2025-01-31,23:54:07,-08:00,2025-01-31T23:54:07-08:00,0,71
global.js,135,js,33c9b1d3,Tommy,2025-01-31,23:54:07,-08:00,2025-01-31T23:54:07-08:00,0,16
global.js,136,js,33c9b1d3,Tommy,2025-01-31,23:54:07,-08:00,2025-01-31T23:54:07-08:00,0,53
global.js,137,js,33c9b1d3,Tommy,2025-01-31,23:54:07,-08:00,2025-01-31T23:54:07-08:00,0,6
global.js,138,js,33c9b1d3,Tommy,2025-01-31,23:54:07,-08:00,2025-01-31T23:54:07-08:00,0,0
global.js,139,js,17b5a925,Tommy,2025-02-07,18:55:01,-08:00,2025-02-07T18:55:01-08:00,0,0
global.js,140,js,67678d8c,Tommy,2025-02-08,15:31:13,-08:00,2025-02-08T15:31:13-08:00,0,53
global.js,141,js,17b5a925,Tommy,2025-02-07,18:55:01,-08:00,2025-02-07T18:55:01-08:00,0,0
global.js,142,js,1330b27f,Tommy,2025-02-08,15:27:04,-08:00,2025-02-08T15:27:04-08:00,0,43
global.js,143,js,1330b27f,Tommy,2025-02-08,15:27:04,-08:00,2025-02-08T15:27:04-08:00,0,60
global.js,144,js,1330b27f,Tommy,2025-02-08,15:27:04,-08:00,2025-02-08T15:27:04-08:00,0,13
global.js,145,js,1330b27f,Tommy,2025-02-08,15:27:04,-08:00,2025-02-08T15:27:04-08:00,0,3
global.js,146,js,33c9b1d3,Tommy,2025-01-31,23:54:07,-08:00,2025-01-31T23:54:07-08:00,0,0
global.js,147,js,17b5a925,Tommy,2025-02-07,18:55:01,-08:00,2025-02-07T18:55:01-08:00,0,56
global.js,148,js,23b31dd3,Tommy,2025-02-01,00:03:08,-08:00,2025-02-01T00:03:08-08:00,0,58
global.js,149,js,23b31dd3,Tommy,2025-02-01,00:03:08,-08:00,2025-02-01T00:03:08-08:00,0,41
global.js,150,js,23b31dd3,Tommy,2025-02-01,00:03:08,-08:00,2025-02-01T00:03:08-08:00,0,71
global.js,151,js,23b31dd3,Tommy,2025-02-01,00:03:08,-08:00,2025-02-01T00:03:08-08:00,0,17
global.js,152,js,23b31dd3,Tommy,2025-02-01,00:03:08,-08:00,2025-02-01T00:03:08-08:00,0,0
global.js,153,js,23b31dd3,Tommy,2025-02-01,00:03:08,-08:00,2025-02-01T00:03:08-08:00,0,0
global.js,154,js,17b5a925,Tommy,2025-02-07,18:55:01,-08:00,2025-02-07T18:55:01-08:00,0,25
global.js,155,js,33c9b1d3,Tommy,2025-01-31,23:54:07,-08:00,2025-01-31T23:54:07-08:00,0,28
global.js,156,js,33c9b1d3,Tommy,2025-01-31,23:54:07,-08:00,2025-01-31T23:54:07-08:00,0,49
global.js,157,js,17b5a925,Tommy,2025-02-07,18:55:01,-08:00,2025-02-07T18:55:01-08:00,0,71
global.js,158,js,33c9b1d3,Tommy,2025-01-31,23:54:07,-08:00,2025-01-31T23:54:07-08:00,0,0
global.js,159,js,33c9b1d3,Tommy,2025-01-31,23:54:07,-08:00,2025-01-31T23:54:07-08:00,0,48
global.js,160,js,33c9b1d3,Tommy,2025-01-31,23:54:07,-08:00,2025-01-31T23:54:07-08:00,0,33
global.js,161,js,33c9b1d3,Tommy,2025-01-31,23:54:07,-08:00,2025-01-31T23:54:07-08:00,0,0
global.js,162,js,33c9b1d3,Tommy,2025-01-31,23:54:07,-08:00,2025-01-31T23:54:07-08:00,0,41
global.js,163,js,33c9b1d3,Tommy,2025-01-31,23:54:07,-08:00,2025-01-31T23:54:07-08:00,0,23
global.js,164,js,33c9b1d3,Tommy,2025-01-31,23:54:07,-08:00,2025-01-31T23:54:07-08:00,0,23
global.js,165,js,33c9b1d3,Tommy,2025-01-31,23:54:07,-08:00,2025-01-31T23:54:07-08:00,0,0
global.js,166,js,33c9b1d3,Tommy,2025-01-31,23:54:07,-08:00,2025-01-31T23:54:07-08:00,0,47
global.js,167,js,33c9b1d3,Tommy,2025-01-31,23:54:07,-08:00,2025-01-31T23:54:07-08:00,0,45
global.js,168,js,33c9b1d3,Tommy,2025-01-31,23:54:07,-08:00,2025-01-31T23:54:07-08:00,0,0
global.js,169,js,17b5a925,Tommy,2025-02-07,18:55:01,-08:00,2025-02-07T18:55:01-08:00,0,26
global.js,170,js,c5b05c65,Tommy,2025-02-03,00:27:40,-08:00,2025-02-03T00:27:40-08:00,0,40
global.js,171,js,c5b05c65,Tommy,2025-02-03,00:27:40,-08:00,2025-02-03T00:27:40-08:00,0,34
global.js,172,js,17b5a925,Tommy,2025-02-07,18:55:01,-08:00,2025-02-07T18:55:01-08:00,0,83
global.js,173,js,c5b05c65,Tommy,2025-02-03,00:27:40,-08:00,2025-02-03T00:27:40-08:00,0,0
global.js,174,js,17b5a925,Tommy,2025-02-07,18:55:01,-08:00,2025-02-07T18:55:01-08:00,0,52
global.js,175,js,244a3e7c,Tommy,2025-02-03,00:51:53,-08:00,2025-02-03T00:51:53-08:00,0,52
global.js,176,js,244a3e7c,Tommy,2025-02-03,00:51:53,-08:00,2025-02-03T00:51:53-08:00,0,47
global.js,177,js,244a3e7c,Tommy,2025-02-03,00:51:53,-08:00,2025-02-03T00:51:53-08:00,0,33
global.js,178,js,244a3e7c,Tommy,2025-02-03,00:51:53,-08:00,2025-02-03T00:51:53-08:00,0,31
global.js,179,js,17b5a925,Tommy,2025-02-07,18:55:01,-08:00,2025-02-07T18:55:01-08:00,0,39
global.js,180,js,244a3e7c,Tommy,2025-02-03,00:51:53,-08:00,2025-02-03T00:51:53-08:00,0,0
global.js,181,js,17b5a925,Tommy,2025-02-07,18:55:01,-08:00,2025-02-07T18:55:01-08:00,0,28
global.js,182,js,244a3e7c,Tommy,2025-02-03,00:51:53,-08:00,2025-02-03T00:51:53-08:00,0,35
global.js,183,js,17b5a925,Tommy,2025-02-07,18:55:01,-08:00,2025-02-07T18:55:01-08:00,0,62
global.js,184,js,17b5a925,Tommy,2025-02-07,18:55:01,-08:00,2025-02-07T18:55:01-08:00,0,0
global.js,185,js,17b5a925,Tommy,2025-02-07,18:55:01,-08:00,2025-02-07T18:55:01-08:00,0,29
global.js,186,js,33c9b1d3,Tommy,2025-01-31,23:54:07,-08:00,2025-01-31T23:54:07-08:00,0,30
global.js,187,js,33c9b1d3,Tommy,2025-01-31,23:54:07,-08:00,2025-01-31T23:54:07-08:00,0,2
global.js,188,js,33c9b1d3,Tommy,2025-01-31,23:54:07,-08:00,2025-01-31T23:54:07-08:00,0,0
global.js,189,js,17b5a925,Tommy,2025-02-07,18:55:01,-08:00,2025-02-07T18:55:01-08:00,0,0
global.js,190,js,17b5a925,Tommy,2025-02-07,18:55:01,-08:00,2025-02-07T18:55:01-08:00,0,0
global.js,191,js,17b5a925,Tommy,2025-02-07,18:55:01,-08:00,2025-02-07T18:55:01-08:00,0,48
global.js,192,js,17b5a925,Tommy,2025-02-07,18:55:01,-08:00,2025-02-07T18:55:01-08:00,0,4
global.js,193,js,17b5a925,Tommy,2025-02-07,18:55:01,-08:00,2025-02-07T18:55:01-08:00,0,72
global.js,194,js,17b5a925,Tommy,2025-02-07,18:55:01,-08:00,2025-02-07T18:55:01-08:00,0,0
global.js,195,js,17b5a925,Tommy,2025-02-07,18:55:01,-08:00,2025-02-07T18:55:01-08:00,0,18
global.js,196,js,17b5a925,Tommy,2025-02-07,18:55:01,-08:00,2025-02-07T18:55:01-08:00,0,59
global.js,197,js,17b5a925,Tommy,2025-02-07,18:55:01,-08:00,2025-02-07T18:55:01-08:00,0,0
global.js,198,js,17b5a925,Tommy,2025-02-07,18:55:01,-08:00,2025-02-07T18:55:01-08:00,0,0
global.js,199,js,17b5a925,Tommy,2025-02-07,18:55:01,-08:00,2025-02-07T18:55:01-08:00,0,56
global.js,200,js,17b5a925,Tommy,2025-02-07,18:55:01,-08:00,2025-02-07T18:55:01-08:00,0,16
global.js,201,js,17b5a925,Tommy,2025-02-07,18:55:01,-08:00,2025-02-07T18:55:01-08:00,0,54
global.js,202,js,17b5a925,Tommy,2025-02-07,18:55:01,-08:00,2025-02-07T18:55:01-08:00,0,42
global.js,203,js,17b5a925,Tommy,2025-02-07,18:55:01,-08:00,2025-02-07T18:55:01-08:00,0,0
global.js,204,js,17b5a925,Tommy,2025-02-07,18:55:01,-08:00,2025-02-07T18:55:01-08:00,0,0
projects/projects.js,1,js,1c122768,Tommy,2025-02-08,15:52:03,-08:00,2025-02-08T15:52:03-08:00,0,56
projects/projects.js,2,js,1c122768,Tommy,2025-02-08,15:52:03,-08:00,2025-02-08T15:52:03-08:00,0,64
projects/projects.js,3,js,1c122768,Tommy,2025-02-08,15:52:03,-08:00,2025-02-08T15:52:03-08:00,0,0
projects/projects.js,4,js,1c122768,Tommy,2025-02-08,15:52:03,-08:00,2025-02-08T15:52:03-08:00,0,36
projects/projects.js,5,js,ab08e66f,Tommy,2025-02-08,16:08:24,-08:00,2025-02-08T16:08:24-08:00,0,46
projects/projects.js,6,js,a0683dda,Tommy,2025-02-08,17:00:29,-08:00,2025-02-08T17:00:29-08:00,0,46
projects/projects.js,7,js,1c122768,Tommy,2025-02-08,15:52:03,-08:00,2025-02-08T15:52:03-08:00,0,0
projects/projects.js,8,js,1c122768,Tommy,2025-02-08,15:52:03,-08:00,2025-02-08T15:52:03-08:00,0,23
projects/projects.js,9,js,1c122768,Tommy,2025-02-08,15:52:03,-08:00,2025-02-08T15:52:03-08:00,0,54
projects/projects.js,10,js,1c122768,Tommy,2025-02-08,15:52:03,-08:00,2025-02-08T15:52:03-08:00,0,0
projects/projects.js,11,js,1c122768,Tommy,2025-02-08,15:52:03,-08:00,2025-02-08T15:52:03-08:00,0,49
projects/projects.js,12,js,1c122768,Tommy,2025-02-08,15:52:03,-08:00,2025-02-08T15:52:03-08:00,0,98
projects/projects.js,13,js,ab08e66f,Tommy,2025-02-08,16:08:24,-08:00,2025-02-08T16:08:24-08:00,0,59
projects/projects.js,14,js,1c122768,Tommy,2025-02-08,15:52:03,-08:00,2025-02-08T15:52:03-08:00,0,2
projects/projects.js,15,js,1c122768,Tommy,2025-02-08,15:52:03,-08:00,2025-02-08T15:52:03-08:00,0,0
projects/projects.js,16,js,33c9b1d3,Tommy,2025-01-31,23:54:07,-08:00,2025-01-31T23:54:07-08:00,0,30
projects/projects.js,17,js,33c9b1d3,Tommy,2025-01-31,23:54:07,-08:00,2025-01-31T23:54:07-08:00,0,4
projects/projects.js,18,js,1c122768,Tommy,2025-02-08,15:52:03,-08:00,2025-02-08T15:52:03-08:00,0,56
projects/projects.js,19,js,ab08e66f,Tommy,2025-02-08,16:08:24,-08:00,2025-02-08T16:08:24-08:00,0,44
projects/projects.js,20,js,2b7d8330,Tommy,2025-02-07,18:54:15,-08:00,2025-02-07T18:54:15-08:00,0,0
projects/projects.js,21,js,1c122768,Tommy,2025-02-08,15:52:03,-08:00,2025-02-08T15:52:03-08:00,0,60
projects/projects.js,22,js,2b7d8330,Tommy,2025-02-07,18:54:15,-08:00,2025-02-07T18:54:15-08:00,0,0
projects/projects.js,23,js,39e69003,Tommy,2025-02-07,18:07:40,-08:00,2025-02-07T18:07:40-08:00,0,61
projects/projects.js,24,js,cf052882,Tommy,2025-02-07,18:44:06,-08:00,2025-02-07T18:44:06-08:00,0,63
projects/projects.js,25,js,cf052882,Tommy,2025-02-07,18:44:06,-08:00,2025-02-07T18:44:06-08:00,0,0
projects/projects.js,26,js,33c9b1d3,Tommy,2025-01-31,23:54:07,-08:00,2025-01-31T23:54:07-08:00,0,24
projects/projects.js,27,js,cf052882,Tommy,2025-02-07,18:44:06,-08:00,2025-02-07T18:44:06-08:00,0,64
projects/projects.js,28,js,33c9b1d3,Tommy,2025-01-31,23:54:07,-08:00,2025-01-31T23:54:07-08:00,0,6
projects/projects.js,29,js,33c9b1d3,Tommy,2025-01-31,23:54:07,-08:00,2025-01-31T23:54:07-08:00,0,0
projects/projects.js,30,js,33c9b1d3,Tommy,2025-01-31,23:54:07,-08:00,2025-01-31T23:54:07-08:00,0,0
projects/projects.js,31,js,2b7d8330,Tommy,2025-02-07,18:54:15,-08:00,2025-02-07T18:54:15-08:00,0,48
projects/projects.js,32,js,cf052882,Tommy,2025-02-07,18:44:06,-08:00,2025-02-07T18:44:06-08:00,0,19
projects/projects.js,33,js,1c122768,Tommy,2025-02-08,15:52:03,-08:00,2025-02-08T15:52:03-08:00,0,57
projects/projects.js,34,js,cf052882,Tommy,2025-02-07,18:44:06,-08:00,2025-02-07T18:44:06-08:00,0,0
projects/projects.js,35,js,68efa26d,Tommy,2025-02-07,13:42:29,-08:00,2025-02-07T13:42:29-08:00,0,0
projects/projects.js,36,js,1c122768,Tommy,2025-02-08,15:52:03,-08:00,2025-02-08T15:52:03-08:00,0,49
projects/projects.js,37,js,ab08e66f,Tommy,2025-02-08,16:08:24,-08:00,2025-02-08T16:08:24-08:00,0,48
projects/projects.js,38,js,33c9b1d3,Tommy,2025-01-31,23:54:07,-08:00,2025-01-31T23:54:07-08:00,0,16
projects/projects.js,39,js,cf052882,Tommy,2025-02-07,18:44:06,-08:00,2025-02-07T18:44:06-08:00,0,47
projects/projects.js,40,js,33c9b1d3,Tommy,2025-01-31,23:54:07,-08:00,2025-01-31T23:54:07-08:00,0,0
projects/projects.js,41,js,33c9b1d3,Tommy,2025-01-31,23:54:07,-08:00,2025-01-31T23:54:07-08:00,0,0
projects/projects.js,42,js,33c9b1d3,Tommy,2025-01-31,23:54:07,-08:00,2025-01-31T23:54:07-08:00,0,0
projects/projects.js,43,js,ab08e66f,Tommy,2025-02-08,16:08:24,-08:00,2025-02-08T16:08:24-08:00,0,26
projects/projects.js,44,js,fd2025ef,Tommy,2025-02-08,17:13:41,-08:00,2025-02-08T17:13:41-08:00,0,55
projects/projects.js,45,js,fd2025ef,Tommy,2025-02-08,17:13:41,-08:00,2025-02-08T17:13:41-08:00,0,60
projects/projects.js,46,js,dcf2ae7b,Tommy,2025-02-08,17:23:03,-08:00,2025-02-08T17:23:03-08:00,0,56
projects/projects.js,47,js,fd2025ef,Tommy,2025-02-08,17:13:41,-08:00,2025-02-08T17:13:41-08:00,0,69
projects/projects.js,48,js,fd2025ef,Tommy,2025-02-08,17:13:41,-08:00,2025-02-08T17:13:41-08:00,0,0
projects/projects.js,49,js,fd2025ef,Tommy,2025-02-08,17:13:41,-08:00,2025-02-08T17:13:41-08:00,0,65
projects/projects.js,50,js,fd2025ef,Tommy,2025-02-08,17:13:41,-08:00,2025-02-08T17:13:41-08:00,0,2
projects/projects.js,51,js,fd2025ef,Tommy,2025-02-08,17:13:41,-08:00,2025-02-08T17:13:41-08:00,0,0
projects/projects.js,52,js,fd2025ef,Tommy,2025-02-08,17:13:41,-08:00,2025-02-08T17:13:41-08:00,0,22
projects/projects.js,53,js,fd2025ef,Tommy,2025-02-08,17:13:41,-08:00,2025-02-08T17:13:41-08:00,0,63
projects/projects.js,54,js,fd2025ef,Tommy,2025-02-08,17:13:41,-08:00,2025-02-08T17:13:41-08:00,0,19
projects/projects.js,55,js,fd2025ef,Tommy,2025-02-08,17:13:41,-08:00,2025-02-08T17:13:41-08:00,0,65
projects/projects.js,56,js,fd2025ef,Tommy,2025-02-08,17:13:41,-08:00,2025-02-08T17:13:41-08:00,0,0
projects/projects.js,57,js,ab08e66f,Tommy,2025-02-08,16:08:24,-08:00,2025-02-08T16:08:24-08:00,0,0
projects/projects.js,58,js,fd2025ef,Tommy,2025-02-08,17:13:41,-08:00,2025-02-08T17:13:41-08:00,0,26
projects/projects.js,59,js,fd2025ef,Tommy,2025-02-08,17:13:41,-08:00,2025-02-08T17:13:41-08:00,0,61
projects/projects.js,60,js,fd2025ef,Tommy,2025-02-08,17:13:41,-08:00,2025-02-08T17:13:41-08:00,0,59
projects/projects.js,61,js,fd2025ef,Tommy,2025-02-08,17:13:41,-08:00,2025-02-08T17:13:41-08:00,0,57
projects/projects.js,62,js,ab08e66f,Tommy,2025-02-08,16:08:24,-08:00,2025-02-08T16:08:24-08:00,0,0
projects/projects.js,63,js,fd2025ef,Tommy,2025-02-08,17:13:41,-08:00,2025-02-08T17:13:41-08:00,0,62
projects/projects.js,64,js,fd2025ef,Tommy,2025-02-08,17:13:41,-08:00,2025-02-08T17:13:41-08:00,0,32
projects/projects.js,65,js,ab08e66f,Tommy,2025-02-08,16:08:24,-08:00,2025-02-08T16:08:24-08:00,0,0
projects/projects.js,66,js,50fcd7e6,Tommy,2025-02-08,14:26:59,-08:00,2025-02-08T14:26:59-08:00,0,0
projects/projects.js,67,js,70a746d1,Tommy,2025-02-08,16:48:18,-08:00,2025-02-08T16:48:18-08:00,0,30
projects/projects.js,68,js,1c122768,Tommy,2025-02-08,15:52:03,-08:00,2025-02-08T15:52:03-08:00,0,60
projects/projects.js,69,js,fd2025ef,Tommy,2025-02-08,17:13:41,-08:00,2025-02-08T17:13:41-08:00,0,40
projects/projects.js,70,js,80290362,Tommy,2025-02-08,16:53:10,-08:00,2025-02-08T16:53:10-08:00,0,18
projects/projects.js,71,js,1c122768,Tommy,2025-02-08,15:52:03,-08:00,2025-02-08T15:52:03-08:00,0,45
projects/projects.js,72,js,50fcd7e6,Tommy,2025-02-08,14:26:59,-08:00,2025-02-08T14:26:59-08:00,0,0
projects/projects.js,73,js,70a746d1,Tommy,2025-02-08,16:48:18,-08:00,2025-02-08T16:48:18-08:00,0,26
projects/projects.js,74,js,1c122768,Tommy,2025-02-08,15:52:03,-08:00,2025-02-08T15:52:03-08:00,0,55
projects/projects.js,75,js,50fcd7e6,Tommy,2025-02-08,14:26:59,-08:00,2025-02-08T14:26:59-08:00,0,0
projects/projects.js,76,js,1c122768,Tommy,2025-02-08,15:52:03,-08:00,2025-02-08T15:52:03-08:00,0,40
projects/projects.js,77,js,80290362,Tommy,2025-02-08,16:53:10,-08:00,2025-02-08T16:53:10-08:00,0,41
projects/projects.js,78,js,80290362,Tommy,2025-02-08,16:53:10,-08:00,2025-02-08T16:53:10-08:00,0,44
projects/projects.js,79,js,80290362,Tommy,2025-02-08,16:53:10,-08:00,2025-02-08T16:53:10-08:00,0,11
projects/projects.js,80,js,80290362,Tommy,2025-02-08,16:53:10,-08:00,2025-02-08T16:53:10-08:00,0,60
projects/projects.js,81,js,2fd3966e,Tommy,2025-02-08,14:36:36,-08:00,2025-02-08T14:36:36-08:00,0,0
projects/projects.js,82,js,1c122768,Tommy,2025-02-08,15:52:03,-08:00,2025-02-08T15:52:03-08:00,0,47
projects/projects.js,83,js,70a746d1,Tommy,2025-02-08,16:48:18,-08:00,2025-02-08T16:48:18-08:00,0,0
projects/projects.js,84,js,fd2025ef,Tommy,2025-02-08,17:13:41,-08:00,2025-02-08T17:13:41-08:00,0,50
projects/projects.js,85,js,80290362,Tommy,2025-02-08,16:53:10,-08:00,2025-02-08T16:53:10-08:00,0,28
projects/projects.js,86,js,80290362,Tommy,2025-02-08,16:53:10,-08:00,2025-02-08T16:53:10-08:00,0,4
projects/projects.js,87,js,80290362,Tommy,2025-02-08,16:53:10,-08:00,2025-02-08T16:53:10-08:00,0,13
projects/projects.js,88,js,80290362,Tommy,2025-02-08,16:53:10,-08:00,2025-02-08T16:53:10-08:00,0,10
projects/projects.js,89,js,80290362,Tommy,2025-02-08,16:53:10,-08:00,2025-02-08T16:53:10-08:00,0,26
projects/projects.js,90,js,dcf2ae7b,Tommy,2025-02-08,17:23:03,-08:00,2025-02-08T17:23:03-08:00,0,11
projects/projects.js,91,js,80290362,Tommy,2025-02-08,16:53:10,-08:00,2025-02-08T16:53:10-08:00,0,11
projects/projects.js,92,js,80290362,Tommy,2025-02-08,16:53:10,-08:00,2025-02-08T16:53:10-08:00,0,3
projects/projects.js,93,js,80290362,Tommy,2025-02-08,16:53:10,-08:00,2025-02-08T16:53:10-08:00,0,0
projects/projects.js,94,js,1c122768,Tommy,2025-02-08,15:52:03,-08:00,2025-02-08T15:52:03-08:00,0,38
projects/projects.js,95,js,1c122768,Tommy,2025-02-08,15:52:03,-08:00,2025-02-08T15:52:03-08:00,0,53
projects/projects.js,96,js,69accd7f,Tommy,2025-02-08,15:13:19,-08:00,2025-02-08T15:13:19-08:00,0,0
projects/projects.js,97,js,b63793d3,Tommy,2025-02-08,16:14:45,-08:00,2025-02-08T16:14:45-08:00,0,33
projects/projects.js,98,js,80290362,Tommy,2025-02-08,16:53:10,-08:00,2025-02-08T16:53:10-08:00,0,22
projects/projects.js,99,js,80290362,Tommy,2025-02-08,16:53:10,-08:00,2025-02-08T16:53:10-08:00,0,7
projects/projects.js,100,js,80290362,Tommy,2025-02-08,16:53:10,-08:00,2025-02-08T16:53:10-08:00,0,14
projects/projects.js,101,js,80290362,Tommy,2025-02-08,16:53:10,-08:00,2025-02-08T16:53:10-08:00,0,14
projects/projects.js,102,js,dcf2ae7b,Tommy,2025-02-08,17:23:03,-08:00,2025-02-08T17:23:03-08:00,0,76
projects/projects.js,103,js,80290362,Tommy,2025-02-08,16:53:10,-08:00,2025-02-08T16:53:10-08:00,0,23
projects/projects.js,104,js,80290362,Tommy,2025-02-08,16:53:10,-08:00,2025-02-08T16:53:10-08:00,0,28
projects/projects.js,105,js,fd2025ef,Tommy,2025-02-08,17:13:41,-08:00,2025-02-08T17:13:41-08:00,0,26
projects/projects.js,106,js,80290362,Tommy,2025-02-08,16:53:10,-08:00,2025-02-08T16:53:10-08:00,0,32
projects/projects.js,107,js,a0683dda,Tommy,2025-02-08,17:00:29,-08:00,2025-02-08T17:00:29-08:00,0,35
projects/projects.js,108,js,a0683dda,Tommy,2025-02-08,17:00:29,-08:00,2025-02-08T17:00:29-08:00,0,19
projects/projects.js,109,js,a0683dda,Tommy,2025-02-08,17:00:29,-08:00,2025-02-08T17:00:29-08:00,0,7
projects/projects.js,110,js,a0683dda,Tommy,2025-02-08,17:00:29,-08:00,2025-02-08T17:00:29-08:00,0,27
projects/projects.js,111,js,a0683dda,Tommy,2025-02-08,17:00:29,-08:00,2025-02-08T17:00:29-08:00,0,0
projects/projects.js,112,js,fd2025ef,Tommy,2025-02-08,17:13:41,-08:00,2025-02-08T17:13:41-08:00,0,49
projects/projects.js,113,js,80290362,Tommy,2025-02-08,16:53:10,-08:00,2025-02-08T16:53:10-08:00,0,2
projects/projects.js,114,js,1c122768,Tommy,2025-02-08,15:52:03,-08:00,2025-02-08T15:52:03-08:00,0,0
projects/projects.js,115,js,fd2025ef,Tommy,2025-02-08,17:13:41,-08:00,2025-02-08T17:13:41-08:00,0,25
projects/projects.js,116,js,1c122768,Tommy,2025-02-08,15:52:03,-08:00,2025-02-08T15:52:03-08:00,0,42
projects/projects.js,117,js,0b532c69,Tommy,2025-02-08,16:36:02,-08:00,2025-02-08T16:36:02-08:00,0,39
projects/projects.js,118,js,1c122768,Tommy,2025-02-08,15:52:03,-08:00,2025-02-08T15:52:03-08:00,0,0
projects/projects.js,119,js,1c122768,Tommy,2025-02-08,15:52:03,-08:00,2025-02-08T15:52:03-08:00,0,30
projects/projects.js,120,js,80290362,Tommy,2025-02-08,16:53:10,-08:00,2025-02-08T16:53:10-08:00,0,17
projects/projects.js,121,js,1c122768,Tommy,2025-02-08,15:52:03,-08:00,2025-02-08T15:52:03-08:00,0,7
projects/projects.js,122,js,1c122768,Tommy,2025-02-08,15:52:03,-08:00,2025-02-08T15:52:03-08:00,0,12
projects/projects.js,123,js,70a746d1,Tommy,2025-02-08,16:48:18,-08:00,2025-02-08T16:48:18-08:00,0,24
projects/projects.js,124,js,70a746d1,Tommy,2025-02-08,16:48:18,-08:00,2025-02-08T16:48:18-08:00,0,30
projects/projects.js,125,js,70a746d1,Tommy,2025-02-08,16:48:18,-08:00,2025-02-08T16:48:18-08:00,0,19
projects/projects.js,126,js,70a746d1,Tommy,2025-02-08,16:48:18,-08:00,2025-02-08T16:48:18-08:00,0,26
projects/projects.js,127,js,1c122768,Tommy,2025-02-08,15:52:03,-08:00,2025-02-08T15:52:03-08:00,0,14
projects/projects.js,128,js,dcf2ae7b,Tommy,2025-02-08,17:23:03,-08:00,2025-02-08T17:23:03-08:00,0,154
projects/projects.js,129,js,1c122768,Tommy,2025-02-08,15:52:03,-08:00,2025-02-08T15:52:03-08:00,0,32
projects/projects.js,130,js,b63793d3,Tommy,2025-02-08,16:14:45,-08:00,2025-02-08T16:14:45-08:00,0,0
projects/projects.js,131,js,b63793d3,Tommy,2025-02-08,16:14:45,-08:00,2025-02-08T16:14:45-08:00,0,32
projects/projects.js,132,js,a0683dda,Tommy,2025-02-08,17:00:29,-08:00,2025-02-08T17:00:29-08:00,0,30
projects/projects.js,133,js,a0683dda,Tommy,2025-02-08,17:00:29,-08:00,2025-02-08T17:00:29-08:00,0,19
projects/projects.js,134,js,a0683dda,Tommy,2025-02-08,17:00:29,-08:00,2025-02-08T17:00:29-08:00,0,7
projects/projects.js,135,js,a0683dda,Tommy,2025-02-08,17:00:29,-08:00,2025-02-08T17:00:29-08:00,0,22
projects/projects.js,136,js,a0683dda,Tommy,2025-02-08,17:00:29,-08:00,2025-02-08T17:00:29-08:00,0,0
projects/projects.js,137,js,fd2025ef,Tommy,2025-02-08,17:13:41,-08:00,2025-02-08T17:13:41-08:00,0,49
projects/projects.js,138,js,b63793d3,Tommy,2025-02-08,16:14:45,-08:00,2025-02-08T16:14:45-08:00,0,2
projects/projects.js,139,js,b63793d3,Tommy,2025-02-08,16:14:45,-08:00,2025-02-08T16:14:45-08:00,0,0
projects/projects.js,140,js,b63793d3,Tommy,2025-02-08,16:14:45,-08:00,2025-02-08T16:14:45-08:00,0,0
projects/projects.js,141,js,1c122768,Tommy,2025-02-08,15:52:03,-08:00,2025-02-08T15:52:03-08:00,0,35
projects/projects.js,142,js,1c122768,Tommy,2025-02-08,15:52:03,-08:00,2025-02-08T15:52:03-08:00,0,40
projects/projects.js,143,js,0b532c69,Tommy,2025-02-08,16:36:02,-08:00,2025-02-08T16:36:02-08:00,0,86
projects/projects.js,144,js,1c122768,Tommy,2025-02-08,15:52:03,-08:00,2025-02-08T15:52:03-08:00,0,2
projects/projects.js,145,js,ab08e66f,Tommy,2025-02-08,16:08:24,-08:00,2025-02-08T16:08:24-08:00,0,0
projects/projects.js,146,js,ab08e66f,Tommy,2025-02-08,16:08:24,-08:00,2025-02-08T16:08:24-08:00,0,21
projects/projects.js,147,js,ab08e66f,Tommy,2025-02-08,16:08:24,-08:00,2025-02-08T16:08:24-08:00,0,14
projects/index.html,1,html,344f2f65,Tommy,2025-01-31,03:05:38,-08:00,2025-01-31T03:05:38-08:00,0,14
projects/index.html,2,html,344f2f65,Tommy,2025-01-31,03:05:38,-08:00,2025-01-31T03:05:38-08:00,0,15
projects/index.html,3,html,344f2f65,Tommy,2025-01-31,03:05:38,-08:00,2025-01-31T03:05:38-08:00,0,5
projects/index.html,4,html,344f2f65,Tommy,2025-01-31,03:05:38,-08:00,2025-01-31T03:05:38-08:00,0,21
projects/index.html,5,html,344f2f65,Tommy,2025-01-31,03:05:38,-08:00,2025-01-31T03:05:38-08:00,0,69
projects/index.html,6,html,344f2f65,Tommy,2025-01-31,03:05:38,-08:00,2025-01-31T03:05:38-08:00,0,22
projects/index.html,7,html,344f2f65,Tommy,2025-01-31,03:05:38,-08:00,2025-01-31T03:05:38-08:00,0,50
projects/index.html,8,html,344f2f65,Tommy,2025-01-31,03:05:38,-08:00,2025-01-31T03:05:38-08:00,0,6
projects/index.html,9,html,344f2f65,Tommy,2025-01-31,03:05:38,-08:00,2025-01-31T03:05:38-08:00,0,5
projects/index.html,10,html,bfb5343a,Tommy,2025-02-01,00:19:47,-08:00,2025-02-01T00:19:47-08:00,0,39
projects/index.html,11,html,b30428ed,Tommy,2025-02-06,17:02:14,-08:00,2025-02-06T17:02:14-08:00,0,0
projects/index.html,12,html,3f067d5b,Tommy,2025-02-08,10:00:57,-08:00,2025-02-08T10:00:57-08:00,0,22
projects/index.html,13,html,dba0bbbe,Tommy,2025-02-08,14:33:55,-08:00,2025-02-08T14:33:55-08:00,0,80
projects/index.html,14,html,3f067d5b,Tommy,2025-02-08,10:00:57,-08:00,2025-02-08T10:00:57-08:00,0,23
projects/index.html,15,html,3f067d5b,Tommy,2025-02-08,10:00:57,-08:00,2025-02-08T10:00:57-08:00,0,5
projects/index.html,16,html,5effeb43,Tommy,2025-02-07,14:26:06,-08:00,2025-02-07T14:26:06-08:00,0,0
projects/index.html,17,html,67678d8c,Tommy,2025-02-08,15:31:13,-08:00,2025-02-08T15:31:13-08:00,0,5
projects/index.html,18,html,67678d8c,Tommy,2025-02-08,15:31:13,-08:00,2025-02-08T15:31:13-08:00,0,16
projects/index.html,19,html,67678d8c,Tommy,2025-02-08,15:31:13,-08:00,2025-02-08T15:31:13-08:00,0,12
projects/index.html,20,html,67678d8c,Tommy,2025-02-08,15:31:13,-08:00,2025-02-08T15:31:13-08:00,0,27
projects/index.html,21,html,67678d8c,Tommy,2025-02-08,15:31:13,-08:00,2025-02-08T15:31:13-08:00,0,32
projects/index.html,22,html,67678d8c,Tommy,2025-02-08,15:31:13,-08:00,2025-02-08T15:31:13-08:00,0,1
projects/index.html,23,html,67678d8c,Tommy,2025-02-08,15:31:13,-08:00,2025-02-08T15:31:13-08:00,0,0
projects/index.html,24,html,41b7a6ab,Tommy,2025-02-03,00:34:43,-08:00,2025-02-03T00:34:43-08:00,0,27
projects/index.html,25,html,344f2f65,Tommy,2025-01-31,03:05:38,-08:00,2025-01-31T03:05:38-08:00,0,34
projects/index.html,26,html,b30428ed,Tommy,2025-02-06,17:02:14,-08:00,2025-02-06T17:02:14-08:00,0,0
projects/index.html,27,html,dff234b3,Tommy,2025-01-31,11:16:33,-08:00,2025-01-31T11:16:33-08:00,0,57
projects/index.html,28,html,33c9b1d3,Tommy,2025-01-31,23:54:07,-08:00,2025-01-31T23:54:07-08:00,0,48
projects/index.html,29,html,66229f87,Tommy,2025-02-08,14:17:06,-08:00,2025-02-08T14:17:06-08:00,0,47
projects/index.html,30,html,3581162e,Tommy,2025-01-31,03:20:49,-08:00,2025-01-31T03:20:49-08:00,0,0
projects/index.html,31,html,344f2f65,Tommy,2025-01-31,03:05:38,-08:00,2025-01-31T03:05:38-08:00,0,6
projects/index.html,32,html,344f2f65,Tommy,2025-01-31,03:05:38,-08:00,2025-01-31T03:05:38-08:00,0,6
meta/index.html,1,html,18bd777e,Tommy,2025-02-08,21:08:34,-08:00,2025-02-08T21:08:34-08:00,0,14
meta/index.html,2,html,18bd777e,Tommy,2025-02-08,21:08:34,-08:00,2025-02-08T21:08:34-08:00,0,15
meta/index.html,3,html,18bd777e,Tommy,2025-02-08,21:08:34,-08:00,2025-02-08T21:08:34-08:00,0,5
meta/index.html,4,html,18bd777e,Tommy,2025-02-08,21:08:34,-08:00,2025-02-08T21:08:34-08:00,0,21
meta/index.html,5,html,18bd777e,Tommy,2025-02-08,21:08:34,-08:00,2025-02-08T21:08:34-08:00,0,69
meta/index.html,6,html,18bd777e,Tommy,2025-02-08,21:08:34,-08:00,2025-02-08T21:08:34-08:00,0,22
meta/index.html,7,html,18bd777e,Tommy,2025-02-08,21:08:34,-08:00,2025-02-08T21:08:34-08:00,0,6
meta/index.html,8,html,18bd777e,Tommy,2025-02-08,21:08:34,-08:00,2025-02-08T21:08:34-08:00,0,5
meta/index.html,9,html,18bd777e,Tommy,2025-02-08,21:08:34,-08:00,2025-02-08T21:08:34-08:00,0,12
meta/index.html,10,html,18bd777e,Tommy,2025-02-08,21:08:34,-08:00,2025-02-08T21:08:34-08:00,0,62
meta/index.html,11,html,18bd777e,Tommy,2025-02-08,21:08:34,-08:00,2025-02-08T21:08:34-08:00,0,6
meta/index.html,12,html,18bd777e,Tommy,2025-02-08,21:08:34,-08:00,2025-02-08T21:08:34-08:00,0,6
cv/index.html,1,html,344f2f65,Tommy,2025-01-31,03:05:38,-08:00,2025-01-31T03:05:38-08:00,0,14
cv/index.html,2,html,344f2f65,Tommy,2025-01-31,03:05:38,-08:00,2025-01-31T03:05:38-08:00,0,15
cv/index.html,3,html,344f2f65,Tommy,2025-01-31,03:05:38,-08:00,2025-01-31T03:05:38-08:00,0,5
cv/index.html,4,html,344f2f65,Tommy,2025-01-31,03:05:38,-08:00,2025-01-31T03:05:38-08:00,0,21
cv/index.html,5,html,344f2f65,Tommy,2025-01-31,03:05:38,-08:00,2025-01-31T03:05:38-08:00,0,69
cv/index.html,6,html,344f2f65,Tommy,2025-01-31,03:05:38,-08:00,2025-01-31T03:05:38-08:00,0,23
cv/index.html,7,html,344f2f65,Tommy,2025-01-31,03:05:38,-08:00,2025-01-31T03:05:38-08:00,0,50
cv/index.html,8,html,344f2f65,Tommy,2025-01-31,03:05:38,-08:00,2025-01-31T03:05:38-08:00,0,6
cv/index.html,9,html,344f2f65,Tommy,2025-01-31,03:05:38,-08:00,2025-01-31T03:05:38-08:00,0,5
cv/index.html,10,html,344f2f65,Tommy,2025-01-31,03:05:38,-08:00,2025-01-31T03:05:38-08:00,0,0
cv/index.html,11,html,344f2f65,Tommy,2025-01-31,03:05:38,-08:00,2025-01-31T03:05:38-08:00,0,7
cv/index.html,12,html,344f2f65,Tommy,2025-01-31,03:05:38,-08:00,2025-01-31T03:05:38-08:00,0,17
cv/index.html,13,html,344f2f65,Tommy,2025-01-31,03:05:38,-08:00,2025-01-31T03:05:38-08:00,0,0
cv/index.html,14,html,344f2f65,Tommy,2025-01-31,03:05:38,-08:00,2025-01-31T03:05:38-08:00,0,25
cv/index.html,15,html,344f2f65,Tommy,2025-01-31,03:05:38,-08:00,2025-01-31T03:05:38-08:00,0,0
cv/index.html,16,html,344f2f65,Tommy,2025-01-31,03:05:38,-08:00,2025-01-31T03:05:38-08:00,0,25
cv/index.html,17,html,344f2f65,Tommy,2025-01-31,03:05:38,-08:00,2025-01-31T03:05:38-08:00,0,15
cv/index.html,18,html,6f245b40,Tommy,2025-01-31,03:09:42,-08:00,2025-01-31T03:09:42-08:00,0,52
cv/index.html,19,html,c56be3ee,Tommy,2025-01-31,19:07:29,-08:00,2025-01-31T19:07:29-08:00,0,28
cv/index.html,20,html,c56be3ee,Tommy,2025-01-31,19:07:29,-08:00,2025-01-31T19:07:29-08:00,0,98
cv/index.html,21,html,c56be3ee,Tommy,2025-01-31,19:07:29,-08:00,2025-01-31T19:07:29-08:00,0,45
cv/index.html,22,html,c56be3ee,Tommy,2025-01-31,19:07:29,-08:00,2025-01-31T19:07:29-08:00,0,3
cv/index.html,23,html,c56be3ee,Tommy,2025-01-31,19:07:29,-08:00,2025-01-31T19:07:29-08:00,0,3
cv/index.html,24,html,344f2f65,Tommy,2025-01-31,03:05:38,-08:00,2025-01-31T03:05:38-08:00,0,7
cv/index.html,25,html,344f2f65,Tommy,2025-01-31,03:05:38,-08:00,2025-01-31T03:05:38-08:00,0,0
cv/index.html,26,html,344f2f65,Tommy,2025-01-31,03:05:38,-08:00,2025-01-31T03:05:38-08:00,0,24
cv/index.html,27,html,344f2f65,Tommy,2025-01-31,03:05:38,-08:00,2025-01-31T03:05:38-08:00,0,0
cv/index.html,28,html,344f2f65,Tommy,2025-01-31,03:05:38,-08:00,2025-01-31T03:05:38-08:00,0,8
cv/index.html,29,html,344f2f65,Tommy,2025-01-31,03:05:38,-08:00,2025-01-31T03:05:38-08:00,0,15
cv/index.html,30,html,344f2f65,Tommy,2025-01-31,03:05:38,-08:00,2025-01-31T03:05:38-08:00,0,104
cv/index.html,31,html,344f2f65,Tommy,2025-01-31,03:05:38,-08:00,2025-01-31T03:05:38-08:00,0,9
cv/index.html,32,html,344f2f65,Tommy,2025-01-31,03:05:38,-08:00,2025-01-31T03:05:38-08:00,0,0
cv/index.html,33,html,344f2f65,Tommy,2025-01-31,03:05:38,-08:00,2025-01-31T03:05:38-08:00,0,8
cv/index.html,34,html,344f2f65,Tommy,2025-01-31,03:05:38,-08:00,2025-01-31T03:05:38-08:00,0,18
cv/index.html,35,html,344f2f65,Tommy,2025-01-31,03:05:38,-08:00,2025-01-31T03:05:38-08:00,0,52
cv/index.html,36,html,344f2f65,Tommy,2025-01-31,03:05:38,-08:00,2025-01-31T03:05:38-08:00,0,63
cv/index.html,37,html,344f2f65,Tommy,2025-01-31,03:05:38,-08:00,2025-01-31T03:05:38-08:00,0,3
cv/index.html,38,html,344f2f65,Tommy,2025-01-31,03:05:38,-08:00,2025-01-31T03:05:38-08:00,0,91
cv/index.html,39,html,344f2f65,Tommy,2025-01-31,03:05:38,-08:00,2025-01-31T03:05:38-08:00,0,53
cv/index.html,40,html,344f2f65,Tommy,2025-01-31,03:05:38,-08:00,2025-01-31T03:05:38-08:00,0,54
cv/index.html,41,html,344f2f65,Tommy,2025-01-31,03:05:38,-08:00,2025-01-31T03:05:38-08:00,0,62
cv/index.html,42,html,344f2f65,Tommy,2025-01-31,03:05:38,-08:00,2025-01-31T03:05:38-08:00,0,73
cv/index.html,43,html,344f2f65,Tommy,2025-01-31,03:05:38,-08:00,2025-01-31T03:05:38-08:00,0,4
cv/index.html,44,html,344f2f65,Tommy,2025-01-31,03:05:38,-08:00,2025-01-31T03:05:38-08:00,0,9
cv/index.html,45,html,344f2f65,Tommy,2025-01-31,03:05:38,-08:00,2025-01-31T03:05:38-08:00,0,0
cv/index.html,46,html,344f2f65,Tommy,2025-01-31,03:05:38,-08:00,2025-01-31T03:05:38-08:00,0,8
cv/index.html,47,html,344f2f65,Tommy,2025-01-31,03:05:38,-08:00,2025-01-31T03:05:38-08:00,0,30
cv/index.html,48,html,344f2f65,Tommy,2025-01-31,03:05:38,-08:00,2025-01-31T03:05:38-08:00,0,3
cv/index.html,49,html,344f2f65,Tommy,2025-01-31,03:05:38,-08:00,2025-01-31T03:05:38-08:00,0,85
cv/index.html,50,html,344f2f65,Tommy,2025-01-31,03:05:38,-08:00,2025-01-31T03:05:38-08:00,0,84
cv/index.html,51,html,344f2f65,Tommy,2025-01-31,03:05:38,-08:00,2025-01-31T03:05:38-08:00,0,100
cv/index.html,52,html,344f2f65,Tommy,2025-01-31,03:05:38,-08:00,2025-01-31T03:05:38-08:00,0,4
cv/index.html,53,html,344f2f65,Tommy,2025-01-31,03:05:38,-08:00,2025-01-31T03:05:38-08:00,0,9
cv/index.html,54,html,344f2f65,Tommy,2025-01-31,03:05:38,-08:00,2025-01-31T03:05:38-08:00,0,0
cv/index.html,55,html,344f2f65,Tommy,2025-01-31,03:05:38,-08:00,2025-01-31T03:05:38-08:00,0,9
cv/index.html,56,html,344f2f65,Tommy,2025-01-31,03:05:38,-08:00,2025-01-31T03:05:38-08:00,0,0
cv/index.html,57,html,344f2f65,Tommy,2025-01-31,03:05:38,-08:00,2025-01-31T03:05:38-08:00,0,5
cv/index.html,58,html,2d103871,Tommy,2025-01-31,03:24:45,-08:00,2025-01-31T03:24:45-08:00,0,57
cv/index.html,59,html,344f2f65,Tommy,2025-01-31,03:05:38,-08:00,2025-01-31T03:05:38-08:00,0,0
cv/index.html,60,html,344f2f65,Tommy,2025-01-31,03:05:38,-08:00,2025-01-31T03:05:38-08:00,0,6
cv/index.html,61,html,344f2f65,Tommy,2025-01-31,03:05:38,-08:00,2025-01-31T03:05:38-08:00,0,6
contact/index.html,1,html,344f2f65,Tommy,2025-01-31,03:05:38,-08:00,2025-01-31T03:05:38-08:00,0,14
contact/index.html,2,html,344f2f65,Tommy,2025-01-31,03:05:38,-08:00,2025-01-31T03:05:38-08:00,0,15
contact/index.html,3,html,344f2f65,Tommy,2025-01-31,03:05:38,-08:00,2025-01-31T03:05:38-08:00,0,5
contact/index.html,4,html,344f2f65,Tommy,2025-01-31,03:05:38,-08:00,2025-01-31T03:05:38-08:00,0,21
contact/index.html,5,html,344f2f65,Tommy,2025-01-31,03:05:38,-08:00,2025-01-31T03:05:38-08:00,0,69
contact/index.html,6,html,344f2f65,Tommy,2025-01-31,03:05:38,-08:00,2025-01-31T03:05:38-08:00,0,21
contact/index.html,7,html,344f2f65,Tommy,2025-01-31,03:05:38,-08:00,2025-01-31T03:05:38-08:00,0,50
contact/index.html,8,html,344f2f65,Tommy,2025-01-31,03:05:38,-08:00,2025-01-31T03:05:38-08:00,0,6
contact/index.html,9,html,344f2f65,Tommy,2025-01-31,03:05:38,-08:00,2025-01-31T03:05:38-08:00,0,5
contact/index.html,10,html,33632183,Tommy,2025-01-31,03:32:32,-08:00,2025-01-31T03:32:32-08:00,0,0
contact/index.html,11,html,344f2f65,Tommy,2025-01-31,03:05:38,-08:00,2025-01-31T03:05:38-08:00,0,15
contact/index.html,12,html,344f2f65,Tommy,2025-01-31,03:05:38,-08:00,2025-01-31T03:05:38-08:00,0,0
contact/index.html,13,html,e5f9db08,Tommy,2025-01-31,09:55:34,-08:00,2025-01-31T09:55:34-08:00,0,23
contact/index.html,14,html,344f2f65,Tommy,2025-01-31,03:05:38,-08:00,2025-01-31T03:05:38-08:00,0,32
contact/index.html,15,html,344f2f65,Tommy,2025-01-31,03:05:38,-08:00,2025-01-31T03:05:38-08:00,0,91
contact/index.html,16,html,344f2f65,Tommy,2025-01-31,03:05:38,-08:00,2025-01-31T03:05:38-08:00,0,0
contact/index.html,17,html,344f2f65,Tommy,2025-01-31,03:05:38,-08:00,2025-01-31T03:05:38-08:00,0,36
contact/index.html,18,html,344f2f65,Tommy,2025-01-31,03:05:38,-08:00,2025-01-31T03:05:38-08:00,0,91
contact/index.html,19,html,344f2f65,Tommy,2025-01-31,03:05:38,-08:00,2025-01-31T03:05:38-08:00,0,0
contact/index.html,20,html,344f2f65,Tommy,2025-01-31,03:05:38,-08:00,2025-01-31T03:05:38-08:00,0,30
contact/index.html,21,html,344f2f65,Tommy,2025-01-31,03:05:38,-08:00,2025-01-31T03:05:38-08:00,0,101
contact/index.html,22,html,344f2f65,Tommy,2025-01-31,03:05:38,-08:00,2025-01-31T03:05:38-08:00,0,0
contact/index.html,23,html,344f2f65,Tommy,2025-01-31,03:05:38,-08:00,2025-01-31T03:05:38-08:00,0,36
contact/index.html,24,html,344f2f65,Tommy,2025-01-31,03:05:38,-08:00,2025-01-31T03:05:38-08:00,0,6
contact/index.html,25,html,e5f9db08,Tommy,2025-01-31,09:55:34,-08:00,2025-01-31T09:55:34-08:00,0,0
contact/index.html,26,html,2d103871,Tommy,2025-01-31,03:24:45,-08:00,2025-01-31T03:24:45-08:00,0,57
contact/index.html,27,html,3581162e,Tommy,2025-01-31,03:20:49,-08:00,2025-01-31T03:20:49-08:00,0,0
contact/index.html,28,html,344f2f65,Tommy,2025-01-31,03:05:38,-08:00,2025-01-31T03:05:38-08:00,0,6
contact/index.html,29,html,344f2f65,Tommy,2025-01-31,03:05:38,-08:00,2025-01-31T03:05:38-08:00,0,6
